0|0|30263907|0
1|0|31420996|0
1|1|156861340|5
0|1|231173314|137
1|1|115427915|314
0|1|168066798|206182
1|1|154076849|204920
0|1|149064344|156696
1|2|154602302|153549
0|2|71036573|49461
1|3|69075443|49253
0|3|99428527|41239
1|3|92075943|41620
0|3|70769594|28302
1|3|91264400|28372
0|3|183319709|53587
1|3|176389195|54215
0|3|86730169|52886
1|3|98714221|54188
0|3|141557915|43682
1|3|120085377|44032
0|3|105053694|36704
1|3|88546898|36921
0|3|172623716|100860
1|3|203599552|103183
0|3|71503915|38276
1|3|106916305|38432
0|3|334363552|59308
1|3|332907429|60045
0|3|176607024|232706
1|4|197511953|232363
0|4|218083441|218448
1|5|207483305|215913
0|5|115894554|127439
1|6|245835246|243544
0|6|278906303|235933
0|7|89804649|117154
1|6|157267381|241677
0|7|51457347|0
1|8|143547019|142196
0|8|221174792|138977
1|8|605957989|232176
0|8|491061983|232679
0|10|161549920|155144
1|8|172532220|151354
0|10|36152100|0
1|11|114749106|203899
0|11|180666641|209435
1|11|120289613|128904
0|12|157492627|164461
1|12|143879600|99697
1|12|177103519|151427
1|12|50076219|0
0|12|238973799|209219
0|14|203687637|206942
1|14|243585020|206200
0|14|243950280|200151
1|15|366797059|401465
0|15|179235640|201845
1|16|156994260|210124
0|17|217516919|208570
1|17|199853679|239111
1|18|99165690|92733
0|18|225247477|242624
1|18|62311882|0
0|19|200845012|258713
1|19|206781241|164698
0|19|115284984|917
1|20|175967155|262028
1|20|117211178|187632
1|20|37287831|0
0|20|323249132|256349
0|21|985775199|401029
0|22|36029752|0
1|21|1105970916|208634
0|23|195915912|58967
0|23|68547213|0
1|23|266938132|60132
0|23|330725062|503508
1|23|305284651|507973
0|23|67433556|0
1|25|329887683|415410
0|25|368633692|504506
1|25|94266171|84190
1|29|108365261|198076
0|28|136857947|201633
1|29|53912417|0
0|30|161171802|140644
1|30|205135520|241299
0|30|131906200|96512
1|30|161118368|231664
0|31|182719839|231421
1|31|203846203|222212
0|32|223445775|226562
1|32|156975479|189428
1|33|160005046|127593
0|33|243264219|187274
1|33|60780513|0
1|34|129581776|185745
1|34|53109887|0
0|34|476510185|313922
0|35|231943799|158819
0|35|62662897|0
1|35|764497539|164746
1|36|380613531|538750
0|36|592972473|544812
1|36|321437133|388828
0|36|367241826|389206
1|36|171705548|180412
0|40|195175215|231650
0|41|137678319|191396
1|40|212328174|240266
0|41|111145310|0
1|42|205771580|315593
0|42|181058649|308101
1|42|248630424|281583
1|43|138387412|134248
1|43|63347821|0
0|43|527413739|280511
1|44|364298195|278090
1|44|76960103|0
0|44|370624298|414718
0|45|209037560|168464
1|45|360961651|167784
0|45|79386070|0
1|46|169529773|99614
0|46|200653262|97388
0|46|1662294848|229670
0|46|65556020|0
1|46|1862985719|227320
0|47|750386860|252402
0|47|72488282|0
1|47|761229935|250851
1|48|497372234|911642
0|48|601992831|911581
1|48|278805795|468873
0|51|256801657|469028
1|51|164986827|111646
0|53|163817977|108726
1|53|201346848|242319
0|53|192135277|242382
1|53|191545900|253323
0|54|211151258|250714
1|54|246579128|128495
0|55|238421219|132432
1|55|252557611|236920
0|55|278509885|235694
1|55|162583016|189976
0|56|167432977|186932
1|56|98706651|86795
0|57|144889416|87350
1|57|205130114|215885
0|57|233723008|220246
1|57|174174430|248427
1|58|161512464|242787
0|58|209077970|243480
1|58|66662276|0
1|59|215325847|248748
0|59|297332309|247230
1|59|64977945|0
1|60|147589962|131848
1|60|65415297|0
0|60|261007035|376223
0|61|192958025|94463
1|61|254605643|92247
0|61|176146968|5
1|62|263581343|194883
0|62|249465295|194264
1|62|239226483|236760
0|63|221824708|237837
1|63|200040596|258365
0|64|209827995|260955
1|64|352237049|221306
0|65|241358089|222922
0|66|193582086|220775
1|65|216535003|227027
0|66|67104006|0
1|67|537972894|341382
0|67|558306037|342491
1|67|575067111|460802
0|68|570171859|466838
1|68|215413828|273920
0|70|246818111|272256
1|70|265599327|310937
0|71|232174971|304857
1|71|197729504|291189
0|72|208386469|297436
1|72|188362777|254961
0|73|214188106|252338
1|73|190703250|211730
0|74|184260721|208567
1|74|251291635|196035
0|75|245101285|195479
1|75|200797762|243232
0|76|199112826|254692
1|76|232315419|201868
0|77|262649821|196424
1|77|217081129|209245
0|78|191065295|205026
1|78|202133703|286878
0|79|252357832|290027
1|79|170813611|148128
0|80|166781901|151955
1|80|184804267|228773
0|80|192069469|225074
1|80|156334666|164002
1|81|151735866|105772
0|81|205818192|165166
1|81|77139208|0
0|82|478807246|104853
1|82|614295024|250304
1|82|143284586|173967
1|82|59410375|0
0|82|403299384|250211
1|83|308987909|172254
1|83|67222770|0
0|83|434603436|347694
1|84|386767798|303126
0|84|303355349|300762
1|84|74297498|0
0|85|244073987|133243
1|85|232002177|131068
0|85|81221906|0
0|86|294644229|202467
0|86|26792794|0
1|86|380910003|203747
1|87|307400920|180376
0|87|346751831|183539
0|88|591606779|513590
0|88|76460722|0
1|87|819671372|519079
0|90|418773558|427885
0|90|70208627|0
1|90|414699633|427339
0|92|3449283624|942026
0|92|49686364|0
1|92|3702885875|944874
0|96|1381705063|711664
0|96|76379549|0
1|96|1230038576|707164
0|98|791409328|1284752
1|98|804962351|1284681
0|98|110197260|112271
1|98|158142599|232594
0|98|205881218|304545
1|104|143647300|181145
0|105|96203801|78619
1|106|175209024|79276
0|106|188665339|174151
1|106|188674319|179085
0|106|184485558|246362
1|107|183269312|242619
0|107|140739860|149565
1|107|155894945|150689
0|107|254422204|136235
1|108|267717680|134485
0|108|181407986|203735
1|109|195185700|206280
0|109|238710772|232115
0|110|167935407|241922
1|110|283358424|227683
0|110|73042454|0
0|111|168572767|96335
1|111|231841419|271916
0|111|66380206|0
1|112|195947607|234161
0|112|197022703|162776
1|112|89871435|0
0|113|153985775|215412
1|113|207822718|215271
0|113|233990193|285947
0|114|167341345|244776
1|114|356974992|285899
0|114|79217512|0
0|115|228340780|206950
1|115|322530878|451359
0|115|91511970|0
1|117|148286595|38360
0|117|163034775|142143
1|117|69927761|104304
1|117|200143556|204742
0|117|241130973|201992
1|117|54712758|0
0|118|232707200|265545
1|118|228659839|262491
0|118|223164725|227830
0|119|177815114|222283
0|119|95454379|0
1|119|497493584|222621
0|121|263253539|125423
0|121|52494601|0
1|121|338993788|351258
1|122|560601598|363516
1|122|133414002|39238
1|122|83374273|0
0|122|1102899427|367671
1|123|677612955|699898
1|123|106260650|0
0|123|700232259|737428
0|124|695866740|929670
1|124|924699838|931852
0|124|339114183|725783
1|129|350252136|765655
0|129|158727679|188482
1|131|139796341|153605
0|131|240803585|318456
1|132|230088602|311760
0|132|137572846|113781
1|133|192733805|113897
0|133|450776464|280887
1|133|376816468|285052
0|133|209315048|292134
0|134|179687487|179839
0|134|55913255|0
1|134|471291787|288399
0|134|354366031|216693
1|134|334236848|396005
0|134|94741131|0
1|136|218342322|246282
1|136|127782770|0
0|136|286276953|248164
0|137|260975464|123652
1|137|396044127|126240
0|137|495569127|459968
0|137|242098416|320057
0|137|71364961|0
1|137|1222152681|464528
0|139|772357354|114561
0|139|86788697|0
1|139|442231198|434322
1|140|245527453|168978
0|140|370320803|167737
1|140|161751525|630
0|141|195065172|69753
1|141|141014705|65107
0|141|260002500|289276
1|141|282479815|286678
0|141|172379676|114950
1|142|198248194|122235
1|143|279764952|315348
1|143|43263072|0
0|142|1520130998|317418
1|144|1768977883|1035295
1|144|190315176|693194
1|144|87305244|0
0|144|1282185445|1035523
0|144|1529206589|1744289
0|144|312146811|1046681
0|144|36956657|0
1|144|2839873891|1744428
1|153|638518575|1037291
1|160|254638114|218333
1|160|103086739|0
0|153|2304034338|689881
1|160|730550725|0
0|160|796124128|218228
0|164|2170730462|1468813
0|164|390954586|653265
0|164|67901513|0
1|164|3742712564|1468803
0|164|651775532|4
0|164|109504297|0
1|164|721703975|657000
0|172|1705182134|1517686
0|172|254952539|1000054
0|172|98085663|136205
0|172|93183843|0
1|172|5212237326|1517724
0|172|4348235903|659614
0|172|118062418|0
1|172|2855722553|1235767
0|172|2723240893|201654
0|172|100666998|0
1|172|1194457571|763750
0|188|799517725|96584
1|188|606918538|96391
0|188|112319250|0
1|188|626551797|232046
0|188|642838358|228305
1|188|193823711|8
1|189|375007472|226537
1|189|78786940|0
0|189|562879332|225544
1|190|781759916|320470
0|190|776037665|322237
1|190|62819494|0
1|191|1027006680|652563
1|191|96735111|0
0|191|6214777355|655610
1|194|7340163468|1099876
1|194|317040546|1000024
1|194|316423611|1000011
1|194|356801438|1000194
1|194|313730220|1000498
1|194|298843062|1000036
1|194|295952789|1000020
1|194|259512401|838993
0|194|4452785964|1099972
1|194|145866964|0
0|194|8982975044|2000023
1|194|9731448294|2000006
0|194|970956066|2000248
0|194|823078546|1909335
0|194|260509815|1000154
1|194|1382409520|2000020
0|194|272460853|1000459
0|194|452899848|1026409
1|194|786782386|1740859
0|194|323099098|1000000
1|194|299531681|150825
1|194|209395174|236495
1|194|58360196|0
0|194|552182521|1064054
1|194|393584261|215929
1|194|64091067|0
0|194|537850387|1038058
1|229|917225561|851965
1|229|76805086|0
0|229|916117220|1214653
1|240|423768145|811736
1|240|73063115|0
0|240|472382540|1142020
0|242|560251842|1004934
0|248|170965535|157863
1|242|761742821|549455
0|248|34153330|0
0|250|182860725|294730
0|250|85965851|0
1|250|300368669|456941
1|252|238645094|277099
0|252|288898544|278062
1|252|113231331|33
0|253|182524732|231996
1|253|201810849|229101
0|253|190699624|129505
1|254|157134116|134129
1|254|629426213|333676
0|254|746438825|336937
1|254|73579699|0
0|255|257195493|392587
1|255|238499536|391623
0|255|237974650|325127
1|256|353621824|521767
0|256|143961400|195936
1|258|106090404|0
0|259|189602904|152085
1|259|152658088|151173
0|259|186972361|242452
1|259|232788614|245379
0|259|247512418|235867
1|260|217230516|235896
0|260|216161658|344646
0|261|145086658|188247
0|261|53219070|0
1|261|399616663|346161
1|262|272310337|424510
0|262|325178145|238529
1|262|108483166|0
0|263|204009655|221391
1|263|205256143|221043
0|263|246295332|255275
1|264|280882769|249738
0|264|183810393|219285
1|265|202846185|223382
1|266|231073294|257107
1|266|71640353|0
0|265|508521384|265112
1|267|306275663|222918
0|267|260617115|215819
1|267|74906349|0
0|267|684795227|606144
1|267|657799632|609660
0|267|205419177|288451
1|270|207562336|284090
0|270|166535578|193763
1|271|173504735|191099
0|271|135673564|92529
1|272|148208171|94604
0|272|298094325|283723
0|272|141537740|250111
0|272|61211629|0
1|272|599967076|293978
0|273|398557628|100747
0|273|51126914|0
1|273|421234985|344684
0|274|466145476|300657
0|274|46885608|0
1|274|1051776034|300963
0|275|968939095|115864
0|275|88177405|0
1|275|414737995|117995
1|276|280358400|256852
0|276|351800850|258999
1|276|80876014|0
0|277|221706481|70541
1|277|255254627|70919
0|277|225069599|100509
1|277|255849114|100205
1|277|268558986|196445
1|277|60944967|0
0|277|1294898485|196848
1|277|1819519550|1051506
1|277|279680959|951189
1|277|136873531|0
0|277|1795906414|1051341
0|277|3815898753|1792233
1|277|4551727786|1743536
0|277|797621051|1355859
1|277|774797606|1355393
0|290|296953264|1000010
1|290|233545059|231056
0|294|265726721|376851
1|294|213672405|240891
0|300|194585623|212745
0|301|188967748|196650
1|301|221257301|212741
0|301|99141174|0
1|302|273394410|379754
0|302|204276818|229145
1|302|186080709|85721
0|302|179737133|140392
1|303|109717973|106068
0|303|152578988|57897
1|304|156442252|57929
1|304|496495585|495021
1|304|70740650|0
0|304|988588488|497156
0|306|479917377|680654
1|306|862041072|678173
0|306|207352607|104758
1|307|353951202|292207
0|307|216545314|186398
0|309|818288095|290320
0|309|60962292|0
1|309|938490812|292236
0|311|432374612|223125
1|311|398508089|224313
0|311|53668057|0
1|312|951673406|370576
1|312|237768052|31741
1|312|49470597|0
0|312|1573240636|399073
0|313|239504836|21908
1|313|626201432|17230
0|313|215896977|63368
1|313|237043736|91206
0|313|129956981|25614
1|313|188884999|81740
0|313|189539205|84414
1|313|142690448|39964
0|313|133006102|39845
1|313|152255665|22693
0|313|138822520|22795
1|313|177732131|39376
0|313|145823409|39178
1|313|245258866|178459
0|313|300916071|181173
1|313|143783528|32537
0|313|157686392|32325
1|313|191412998|54360
0|313|259613836|54044
1|313|198701343|45895
1|313|181936328|35627
0|313|232274478|46026
1|313|72273660|0
0|313|227929702|104017
1|313|225503798|69177
0|313|82040435|0
0|313|513645047|82659
0|313|72853449|0
1|313|1272524714|82197
0|313|1519668947|715706
0|313|40943409|0
1|313|1547247990|718484
0|313|1515634850|490006
0|313|71170061|0
1|313|2038411932|488212
0|316|1637203304|282694
0|316|102386941|0
1|316|714547875|282030
1|317|435419852|84263
1|317|50656723|0
0|317|583432804|84328
1|317|744134692|260620
0|317|711753504|258505
1|317|77959253|0
0|318|788707666|271365
1|318|761957118|269818
1|319|932496453|253661
1|319|78463975|0
0|318|2698307998|251405
1|321|4154940521|1057302
0|321|2555701384|1057140
1|321|291205328|1000241
0|321|1662094392|2000002
0|321|401011195|1240959
0|321|287420113|1000022
0|321|172877338|615257
0|321|75252172|0
1|321|2905780532|2000031
0|321|849874762|221600
0|321|68118246|0
1|321|829239671|1292600
0|339|871476325|203356
0|339|67814733|0
1|339|621754702|987246
1|347|333145634|118338
0|347|502050460|119934
1|347|87380622|0
0|347|389497998|231826
1|347|429732433|236542
0|347|371669055|328296
1|348|336330390|318106
0|348|331080546|256196
1|349|365335874|262742
0|349|417248749|218162
1|350|460576789|218487
0|350|298138570|236291
1|351|293211335|233236
0|351|261771498|101160
1|352|247832987|102626
0|352|332510773|216703
1|352|346852557|218128
0|352|289513117|170272
1|353|282770012|170612
0|353|380558764|211840
1|354|366956419|212864
0|354|314489228|203517
1|355|343913569|199744
0|355|331390330|143964
1|356|287083265|143769
0|356|729182914|316610
1|356|709883196|322723
0|356|404463010|276433
1|357|390660859|277364
0|357|423820989|230995
1|358|485856907|227168
0|358|416460323|237724
1|359|351642754|234787
1|360|387024490|149468
1|360|63923240|0
0|359|547277794|147903
0|361|443892841|202045
1|361|499669425|203644
1|362|874131486|631255
0|361|954073216|628687
1|362|84945417|0
0|364|414709176|428081
1|364|446975696|425334
0|364|397757992|303582
1|365|409178903|299196
0|365|306239745|129504
1|367|330130138|129105
0|367|381643668|263994
1|367|369110088|268676
1|368|1675701890|344713
1|368|51243493|0
0|367|2733907775|347292
1|369|2272920908|1032972
1|369|277123156|1000096
1|369|87292384|108278
1|369|39213468|0
0|369|1953915504|1033098
1|369|1684897518|1635709
1|369|82740103|0
0|369|12169582231|1790763
1|369|12453187922|1233711
1|369|283110999|495449
1|369|116954012|0
0|369|8288285239|1233800
1|369|7794507908|325473
1|369|79510810|0
0|369|5412367938|1231300
1|384|5645835243|229613
1|384|112678780|0
0|384|3533709932|776225
1|393|3121698296|259508
1|393|76422255|0
0|393|2548381458|256982
1|394|2222325458|309030
1|394|86673852|0
0|394|2180946789|309289
1|395|2545609139|311389
1|395|76801657|0
0|395|2572125534|312812
1|396|1966467893|170988
1|396|44095524|0
0|396|1985181213|169192
1|396|1981791557|318151
1|396|63776540|0
0|396|2394835338|326640
1|397|2427566764|165633
1|397|99109747|0
0|397|2337021444|160483
1|398|3123397968|191817
1|398|63792659|0
0|398|2814321440|191557
0|398|1917684139|151484
1|398|2286576514|144733
0|398|1552128022|1059
1|399|2164379930|268489
0|399|1917751899|260741
1|399|2019280987|257438
0|400|1649702018|261850
1|400|2173107173|248902
0|401|1593266632|249718
1|401|1995043040|151536
0|402|1766488347|150660
0|402|1655987313|170977
0|402|70714323|0
1|402|1923282485|176530
0|403|1773216260|411978
0|403|66557260|0
1|403|1861568324|409171
0|404|2323963819|1242130
0|404|88680538|0
1|404|3936708693|1239191
0|409|4504403181|1271660
0|409|245618503|1000088
0|409|260228669|1000045
0|409|87489500|42406
0|409|81742470|0
1|409|4536582779|1271787
0|410|5887671489|2000006
0|410|288221550|1153132
0|410|161782826|557856
0|410|75308567|0
1|410|17893441383|2000026
0|410|25905593953|1978091
0|410|375888837|1000189
0|410|407618828|1000190
0|410|277362656|1000451
0|410|265464298|1000681
0|410|267674316|1000387
0|410|256538869|1000147
0|410|231893655|1000241
0|410|289845039|1000110
0|410|304189524|1000360
0|410|268550365|1000101
0|410|289043308|1000030
0|410|306665770|1000080
0|410|338387234|1000012
1|410|17387081069|2000221
0|410|318576843|1000890
1|410|10176536431|2000098
0|410|11249529743|2000274
1|410|1651003861|2000053
1|410|1014726159|2000074
0|410|1783987032|2000033
1|410|543594935|2000028
0|410|1072376834|2000018
1|410|1021934182|2000001
0|410|708653807|2000129
1|410|1162152503|2000018
0|410|1277430649|2000922
1|410|1021999080|2000134
0|410|1298897585|2000007
1|410|1135721988|2000002
1|427|927703535|1104546
0|410|1208427228|2000182
1|427|254927587|1000328
1|438|678571154|1047397
0|427|1066212713|2000928
1|438|281322600|1000015
0|438|701013702|1071070
1|438|733794890|1052764
0|438|386829485|1000271
1|438|687357037|1045308
0|438|721910196|1045529
1|438|731784866|1053105
0|438|728022566|1053357
1|438|685633764|1053920
0|438|769617028|1054115
1|438|821258397|1047429
0|438|964703657|1047272
0|438|716635725|1062377
1|438|1546625786|1063069
0|438|264587095|1000080
1|438|808699225|1069917
0|438|1341407325|1069848
1|438|706453594|1070791
0|438|708474406|1070555
1|438|655162734|1034378
0|438|502485862|1033873
1|438|695382944|1067502
0|438|698123735|898216
1|438|638103340|1037614
0|438|489073113|178263
0|438|482806620|130444
1|438|767326196|1032361
0|438|62816081|0
0|438|537872688|195601
0|438|67014024|0
1|438|700832314|1038969
0|438|1165589717|548192
1|438|1118608692|1110447
0|438|86115479|0
0|438|772316150|931251
0|438|68561714|0
1|438|1053330121|1138233
0|438|917973501|522940
1|438|801285593|1144762
0|438|69999638|0
1|438|893216885|1273774
0|438|937282346|854888
0|438|522437598|341192
0|438|53974080|0
1|438|695038781|1032487
0|438|563843018|234389
0|438|59971863|0
1|438|640077232|1044570
0|438|712482474|634334
0|438|93123794|0
1|438|825311918|1128774
0|438|1489662607|828308
0|438|74140482|0
1|438|2185600620|1180400
0|438|1744250759|1135323
0|438|223294133|721449
1|438|1327496689|1135512
0|438|58194109|0
1|555|1544010647|1692076
1|555|667021020|1124064
1|555|245528149|1000027
0|555|2547913645|1692287
1|568|246614457|1000056
0|568|878003989|1091723
0|568|47784306|0
1|568|783574556|1058847
0|586|465125151|34784
0|586|75631012|0
1|586|706086311|1034870
0|591|1057886084|606026
0|591|87046059|0
1|591|1154174913|1094635
0|597|1278373171|1218952
0|597|88252265|6809
0|597|95544215|0
1|597|1297085217|1218892
0|599|2257437924|1263249
0|599|76200863|39486
0|599|84503596|0
1|599|2540574452|1263289
0|604|1093647067|873810
0|604|91277876|0
1|604|1126204413|1219559
1|611|897415766|1264287
0|611|1027705924|1103483
1|614|888377509|1172650
0|614|859236734|583669
0|622|373821741|201281
1|622|545432690|1038680
0|622|212807510|4
0|630|192402886|149492
0|630|118698454|0
1|630|641271674|1030016
0|633|994666305|628176
0|633|77743978|0
1|633|935086245|1110254
0|642|3063304880|1309280
0|642|94280097|9401
0|642|83617928|0
1|642|5336086987|1309033
0|644|3929486705|1175472
0|644|383060688|1000336
1|644|2386909442|1175531
0|644|411935942|1000033
1|644|2188962120|2000023
1|650|368501877|1064110
1|655|301008948|1000079
1|659|256916416|1000031
1|659|291508709|1000007
1|659|55372648|11688
1|659|43700408|0
0|644|4356673809|2000020
1|659|1739773713|1060011
1|659|103386999|240024
1|659|79416142|0
0|659|1082761952|1124080
1|682|1012011712|485793
1|682|57063818|0
0|682|1061993811|1147159
1|688|437267354|222854
0|688|364665723|223507
1|688|78675495|0
0|689|265531018|56790
1|689|417907957|256581
0|689|209755864|199205
1|689|344127589|267267
0|690|393825536|271598
0|691|279673551|124204
1|690|388838255|126119
0|691|76419308|0
0|691|512041841|503603
1|691|568419068|507995
0|691|70162400|0
0|692|840601888|306878
1|692|963259275|305399
0|692|86539022|0
1|693|602652718|582652
0|693|609214208|584901
1|693|394241859|211930
0|695|516705088|550921
0|696|110216730|0
1|695|466259779|335043
0|697|557026051|213598
0|697|73406123|0
1|697|442298737|214349
1|698|1222203696|1050116
1|698|438769587|420572
1|698|102121776|0
0|698|1831589638|1048061
1|702|492782428|288846
1|702|101730541|0
0|702|626033467|703903
0|705|401473350|295891
0|705|202463045|2
1|705|673604329|288524
0|705|157548706|0
1|706|414361574|237514
0|706|348487599|238410
0|707|1252866329|637236
0|707|105647395|0
1|706|3048657968|641832
0|709|4178916779|1059790
0|709|299227132|1000042
1|709|2948804640|1059887
0|709|264185966|521428
1|709|1615999516|1806470
0|709|1495931469|1505049
1|709|284462692|1000015
0|709|226151472|186752
0|722|296699406|335114
1|722|318172335|408954
0|722|63369681|0
0|725|260157704|278957
1|725|365948001|614103
0|725|73001777|0
1|727|276603734|133682
0|727|254591777|138714
1|727|78756032|0
0|727|274920951|229283
1|727|223531071|227429
0|727|175422867|183569
1|728|232699629|192337
0|728|210075493|140761
1|728|256197935|143408
1|729|307192237|307083
0|728|437306945|319125
1|729|80311817|0
0|729|273032553|231431
1|729|277271137|235564
0|729|329298778|332120
1|730|321936214|333776
0|730|202336215|228094
1|732|225928678|229955
0|732|252359985|255014
1|733|267738050|249015
0|733|211482182|135882
1|734|210973673|136620
1|734|934775180|165723
0|734|1054372465|167482
1|734|71717121|0
1|735|277545487|376704
1|735|88165349|0
0|735|523315781|371351
0|735|433081345|593171
1|735|626222659|592816
0|735|565317362|756425
1|737|596724032|829303
0|737|291836104|240542
1|739|175409282|162884
1|740|260078845|324248
0|739|278983698|322100
1|740|78457028|0
0|740|236652522|189041
1|740|283186723|186809
0|740|309891097|425199
1|741|322724787|423590
0|741|396843184|419141
1|742|433350094|425230
0|742|185458527|177044
1|743|167009322|172913
1|743|581326219|367556
1|743|66202386|0
0|743|949388893|257769
1|744|480383634|549685
1|744|84709495|0
0|744|1562423206|659564
1|745|1796813341|368428
1|745|79117044|0
0|745|2421112176|370301
1|747|2177981435|316077
1|747|76926680|0
0|747|1160215310|312863
1|748|1185265351|288182
1|748|63636994|0
0|748|1184928152|292045
1|749|1126610470|297585
1|749|70263640|0
0|749|1003856487|298983
1|750|889525911|214505
1|750|68621100|0
0|750|762650607|214898
1|751|757363998|257518
1|751|77075197|0
0|751|804007329|255755
0|752|1191003434|221906
0|752|82938300|0
1|752|1530540018|221773
0|753|938911434|226489
0|753|83285492|0
1|753|1283785533|226233
0|754|2628204134|931512
0|754|87902365|0
1|754|5008995183|935242
0|757|6042196566|1374942
0|757|263784389|1000021
0|757|256891085|1000091
0|757|262610405|1000002
0|757|268602040|1000009
0|757|212955083|821872
0|757|80357920|0
1|757|6924230316|1374956
1|757|16557162670|2000183
1|757|8619319850|2000088
0|757|27447340124|2000060
1|757|900371446|1878186
1|757|567368136|1000289
1|757|287475403|1000030
1|757|309030410|1000262
1|757|349972734|1000086
1|757|359451770|1000121
1|764|329810470|1000132
1|764|324239251|1000047
1|764|447024283|998797
1|764|89915640|0
0|757|9840957584|2000050
1|784|8189714313|1150385
1|784|175399140|411376
1|784|85578885|0
0|784|3879570208|2000216
0|784|3114562835|1329909
0|784|289505410|1000026
1|784|5003954150|538156
0|784|303845425|1000016
0|804|595718051|1000078
1|784|724373567|380616
0|811|249344809|1000003
0|819|788690010|756291
0|819|76124579|0
1|811|1623542950|557100
0|822|1779198335|1095389
0|822|119779094|218810
0|822|83682573|0
1|822|1923996779|1095324
0|823|4203758994|1574268
0|823|75665405|52368
0|823|91899210|0
1|823|8106870618|1574342
0|831|8923537329|1509043
0|831|384153660|1000049
0|831|372678146|1000007
0|831|354607326|1000020
1|831|5788050108|1508775
0|831|319173853|1000293
1|831|3120019242|2000113
1|831|957199205|2000036
0|831|4095288231|2000007
1|831|576250430|1677262
1|836|363125013|1051394
1|836|311735027|1000048
0|831|985776137|2000029
1|836|320029654|1000449
1|836|500535001|1053836
0|836|824262672|1781283
1|836|272589577|1000031
0|836|435233498|1049700
1|836|347975400|1049893
0|836|272333392|1000047
0|836|477039518|1036220
1|836|655462686|1036110
0|836|354481503|1000016
1|879|426318616|1037282
0|879|460711974|629046
1|886|592627952|1106483
0|886|326301382|297321
1|894|299205336|350279
0|895|279303602|298739
1|896|517921679|303930
0|897|541292449|305996
1|897|287764930|328883
0|898|259081768|326208
1|898|307456297|335205
0|899|466637330|341197
1|899|394281078|239146
0|900|224894230|233283
1|900|313217141|251981
0|901|320727898|256469
1|901|205719666|209387
0|902|222560686|203780
1|902|244844502|259532
0|903|246286020|265931
1|903|191328890|245788
0|904|214707620|242238
1|904|312674836|181148
0|905|314109398|182210
1|905|235549143|227782
0|906|214464711|232082
1|906|315280840|279175
0|907|287351856|271679
1|907|230217376|223211
0|908|211275075|228415
1|908|313411866|201508
0|909|300400232|200912
0|910|225062693|196621
1|909|282980650|194646
0|910|93594513|0
0|911|1333272104|510875
1|911|1463461996|505405
0|911|98639319|0
1|913|361759610|545522
0|913|403902234|544400
1|913|388856713|361467
0|914|391200712|366328
1|914|228228419|239619
0|916|217743278|235168
1|916|282992433|271805
0|917|293940427|271159
1|917|203503936|169756
0|918|208788013|173318
1|918|510092152|314705
0|919|613100962|310991
1|919|284155822|294572
0|920|355276006|298483
1|920|265790938|219563
0|921|249277241|217314
1|921|386345546|354529
1|921|185221090|143756
0|921|344606710|359293
1|921|77988042|0
0|922|231052394|257308
1|922|213492328|118301
0|923|171194663|40856
1|923|247165698|230310
0|923|240876561|183920
1|923|522419070|236943
0|924|534968990|239226
1|924|555822729|306237
0|925|601600436|308446
1|925|249355936|239437
0|926|243909442|235495
1|926|243882364|207086
0|927|267878160|216625
1|927|207879715|142297
0|928|182543156|134217
1|928|318566316|249781
0|928|324976497|254951
1|928|183038911|171206
0|929|232193511|166036
1|929|237026466|216878
0|930|210775553|222208
1|930|350340711|346008
0|930|362489527|345140
1|930|218569484|133298
0|931|216668567|127256
1|931|287997977|304708
0|932|297419397|313182
1|932|241665714|298372
0|933|241251056|295994
1|933|217923385|138861
0|934|246047693|139641
1|934|284323755|152476
1|934|200419040|57662
0|934|281469704|154539
1|934|206738079|243014
1|935|251472962|255064
1|935|77181239|0
0|935|2505299486|549615
0|937|1279974387|280514
0|937|35702198|0
1|937|3937260270|277404
0|937|1684875907|1000113
0|937|106806889|169105
0|937|68065271|0
1|937|1275233989|1000033
0|937|2992496901|1428496
0|937|97008104|0
1|937|6887546809|1556247
0|944|5494646659|1169568
0|944|287898520|1000167
0|944|301691886|1000233
1|944|2419401721|1169725
0|944|304683224|1000088
1|944|2235618974|2000185
0|944|2108761939|1434595
0|947|441407125|277218
1|947|462975357|1027214
0|947|80121302|0
0|947|375214674|203912
0|947|78978176|0
1|947|526592341|1094273
0|947|479824762|136563
0|947|79585308|0
1|947|595351857|973618
0|969|558658540|313865
0|969|95440801|0
1|969|622535095|318209
1|970|482461563|236722
1|970|106071518|0
0|970|613012556|231687
0|971|394648847|217376
1|971|491255088|210443
0|971|764811596|462618
1|972|936190811|463628
0|972|516670362|221316
1|973|535580673|216053
0|973|328941308|114868
1|974|323796779|113654
0|974|583722484|298489
1|974|575906011|302273
0|974|399129841|240111
1|975|355045867|243666
0|975|410403724|136828
1|976|368176994|137641
0|976|383578784|163242
1|976|385944621|164631
0|976|702492609|292231
1|977|678756148|286854
0|977|505716236|291895
1|978|431664038|294886
0|978|373999930|148063
1|979|340445814|143506
0|979|364290812|124214
1|979|355128821|125292
0|979|415056129|277242
1|980|389574803|281470
0|980|349480162|135382
1|981|342518860|135997
0|981|443485043|354536
1|981|455632422|349613
0|981|52628332|0
1|983|271375884|53181
0|983|408661015|253093
1|983|220704378|202989
1|984|729311835|248626
0|983|794527686|254923
1|984|105562695|0
0|985|426654487|346233
1|985|448281520|354549
0|985|419596661|316431
1|985|448578304|308063
0|985|343700855|340382
1|986|426368922|341887
0|986|331047873|380147
1|987|428940359|383989
0|987|1679319097|56397
1|987|1769520026|55945
1|988|650665219|578482
1|988|65796862|0
0|987|1395986654|580088
1|988|1060631172|778509
1|988|62700839|0
0|988|1182864557|773733
1|988|1372065605|1039493
1|988|40003361|0
0|988|2678464829|1041920
1|990|3770187230|1299143
0|990|2299059574|1299195
1|990|345500983|1000011
0|991|1722307858|1691986
1|991|1799338225|1692164
0|991|1414482171|1000047
1|991|2131578113|901733
1|991|791076|0
0|991|1295761414|900451
