1|0|32061176|0
0|0|32788404|0
1|0|22814815|2965
0|0|36149867|20538
1|0|71021232|63429
1|1|67865037|89697
0|1|146827281|325947
1|1|40485347|34741
0|2|67754456|140297
1|2|79666566|130113
0|2|52001358|71017
1|3|55404875|67709
0|3|41700437|35849
1|3|41853218|40248
0|3|50020448|48059
1|3|48715107|55525
0|3|48897800|57485
1|3|46977619|57536
0|3|57404133|70921
1|3|62903659|68378
0|3|44086104|46479
1|3|50413566|74230
0|3|58075643|66686
1|3|58090582|68398
0|3|82971919|130565
1|3|50687519|94310
0|3|41708212|51631
1|3|59251331|125165
0|3|53867185|136360
1|3|85703227|190816
0|3|64240878|172388
0|4|104292429|256856
1|4|111148259|283537
0|4|98531257|187714
1|6|116962707|221818
1|7|91317214|200654
0|6|121281816|269939
1|7|30811462|57120
0|8|70084640|145249
1|8|57910250|144964
0|8|43306460|108848
1|8|68145423|153399
0|8|66572786|154650
1|9|95594350|200402
0|9|70405683|160144
1|10|76103709|160985
0|10|128761134|231797
1|11|113855463|196287
0|11|110182311|212717
1|12|99236397|233559
0|12|91597883|193114
1|13|73345630|167982
0|13|99789742|228732
1|14|78050949|185332
1|15|27523638|47686
0|14|97164130|230499
1|15|79789759|205392
0|15|76102585|179669
1|16|104222090|229067
0|16|110836744|247562
1|17|77872528|180738
0|17|114146927|282549
1|18|108088468|265256
1|19|34935911|52338
0|18|72755106|151399
1|19|76855252|190409
0|19|114535019|273519
1|19|87763426|232264
0|19|44327792|106217
1|20|64441044|150010
0|20|80357779|197028
1|21|74288630|185252
0|21|123182375|242755
1|22|108166224|207309
0|22|94157257|220404
1|23|84327083|192268
0|23|62663491|136019
1|24|68808418|159451
1|25|67817131|163786
0|24|78264010|197110
0|26|69597092|152709
1|25|88873535|190951
0|26|55442595|135924
1|27|75587205|154261
0|27|72821827|177680
1|28|89371466|200299
0|28|109291743|240287
1|29|65148393|157057
0|29|83844210|181837
1|30|99030335|216166
0|30|75186628|189855
0|30|51852283|104783
1|30|102675236|221402
0|30|104427717|225864
1|31|104873051|242566
0|31|82008815|166123
1|33|97839316|208559
0|33|81339193|178366
1|34|71974128|160401
1|34|80938881|169388
0|34|97946962|203607
0|35|79728771|131242
1|34|102068629|186357
0|35|76957797|159746
1|36|97821321|198104
0|36|78865847|182701
1|36|81301329|169909
0|36|67654601|155328
1|37|50928584|125008
1|38|67185893|177114
0|37|104764081|225397
1|38|61617985|129330
0|39|79303132|178414
1|39|91243997|198195
0|39|61684533|146016
0|39|87707132|191325
1|39|126694440|288251
0|39|86434044|196431
1|41|85543198|174983
0|41|90675847|190844
1|42|112954296|235708
0|42|113664439|242135
1|43|100977922|251995
0|43|131237687|300880
1|43|94941931|216847
1|44|82995469|190645
0|43|112552040|192412
1|44|60531760|96055
1|45|82011646|197356
0|45|140398818|252782
1|45|50636277|98390
1|45|82709373|213631
0|45|152372460|290062
1|45|69023879|128003
0|46|95440336|203642
1|46|108205163|219372
0|46|127803429|266820
1|47|87147266|198499
1|48|85606743|191693
0|47|97603600|203417
0|48|94513994|209060
1|48|132758715|284838
0|48|65902982|154086
1|49|97667004|198055
0|49|129283983|262372
1|50|97842481|226613
1|51|107091543|257764
0|50|148752370|313234
1|51|44279146|58285
0|52|82319004|149746
1|52|77256032|147029
0|52|102653291|195209
1|52|95784530|210022
1|53|79439719|170199
0|52|141818359|322767
1|53|86555872|207663
0|53|122594767|283881
1|54|96660205|227270
0|54|101723189|205169
1|55|99169674|237393
1|55|29045813|34655
0|55|130219254|280497
1|55|102301840|229663
0|55|54654379|100626
1|56|97049626|178088
0|56|85266476|161963
1|57|135329995|234868
0|57|119266839|216668
0|57|105887228|227333
1|57|125601456|294492
1|59|97751175|224756
0|57|112991363|249497
1|59|73457413|116681
0|60|137772124|256079
1|60|126537135|257262
0|60|149843548|284041
1|61|118178943|259217
0|61|87321834|193158
1|62|101252349|220779
0|62|92692798|186936
1|63|105901696|220654
0|63|94245094|210206
1|63|104390955|204128
0|63|95743463|225826
1|64|128311340|285367
0|64|96999572|226040
0|65|97418539|216499
1|65|107523926|276725
1|67|73539946|94737
1|67|117364224|261692
0|65|199323521|273425
1|67|62857108|91892
1|68|95635876|237691
0|68|201351682|323470
1|68|72842191|94758
1|69|126213397|290116
1|69|41157108|39291
0|69|216645485|326992
1|69|71478470|70355
0|70|191488014|293989
1|70|145845177|288006
1|71|45515430|44770
1|71|150832421|307870
0|70|219200497|354422
1|71|87452329|115205
0|72|193654069|302781
1|72|128605040|290210
1|73|43795875|40097
1|73|115348701|227702
0|72|169580767|283587
1|73|62113607|85785
0|74|133014065|199429
1|74|125275737|227912
0|74|180901223|236542
1|75|133432685|233265
1|76|71985353|94544
0|75|194891165|296982
1|76|125568410|233513
1|77|100279050|125991
0|76|205797415|265361
1|77|102092628|227700
1|77|71872960|92087
1|78|97946394|211724
0|78|212072083|280625
1|78|89752273|116128
0|79|260339096|339681
1|79|217550315|269547
1|80|98834037|130249
0|79|127815270|199883
1|80|61604521|109089
1|80|97018051|100196
1|80|136074907|203691
0|80|278405708|265363
1|80|127993850|167173
0|81|126713019|160353
1|81|86985269|120419
0|82|105499526|147213
1|82|80209095|109489
0|82|133589906|169631
1|82|160873244|207900
0|82|187360847|251188
1|83|124838495|228379
1|84|138055358|247557
0|83|167580400|308584
1|84|121921325|171550
0|85|151747877|264401
1|85|167808176|184797
0|85|175823469|224235
1|86|121811882|187216
0|86|98432674|161451
1|87|116577601|232532
0|87|103072690|188899
1|88|63794012|116263
0|88|126062477|239716
0|88|84113020|119764
1|88|156769254|282299
0|88|125551427|208877
1|89|128509560|227217
1|91|115359469|201269
0|89|123496917|199580
1|91|85634217|125781
1|92|82563311|178257
0|92|171539359|279158
1|92|107951736|179192
0|93|140460339|252842
1|93|93349300|177225
0|93|153126955|259922
1|94|118886705|228394
0|94|122620994|217944
1|95|130061593|229092
0|95|112004179|228840
1|96|140982924|262981
0|96|168936137|316194
1|97|120131417|285143
1|98|58541679|73544
0|97|115197909|196429
1|98|128252970|249076
0|98|90088224|170907
0|98|93406484|189691
1|98|111757916|235728
0|98|129918673|248213
1|100|124411959|268633
1|101|46701334|57088
0|101|116756656|209919
1|101|133289173|261254
0|101|110954015|226357
1|102|105374828|223881
0|102|108934268|196529
1|103|91422236|175959
0|103|156326811|286007
1|104|128143758|275657
1|105|111897178|254265
0|104|138880216|284365
1|105|25448221|19837
0|106|101645238|142118
1|106|103614867|199699
1|106|108612439|183519
0|106|193795711|327735
1|106|93506566|183133
0|106|124047737|198186
1|107|111644429|214347
1|108|45586975|51886
1|108|115412943|223439
0|107|169940637|307655
1|108|114963190|229189
0|109|120525147|226421
0|110|147893608|295104
1|109|157800597|312731
0|110|107541529|203419
1|111|108352832|212533
1|112|32300271|41390
0|111|96671994|139813
1|112|94297057|172432
0|112|97840605|174531
1|112|101591732|164765
0|112|98926775|190723
1|113|117335383|219548
0|113|150322175|288073
1|114|96401281|225253
0|114|138613273|288171
1|115|139016215|282875
0|115|110979053|212810
1|116|110368576|227242
1|117|66439822|88539
0|116|121752948|227339
1|117|110065173|213634
1|118|70620522|174433
0|117|146057314|259642
1|118|76455229|121098
0|119|111743089|220387
1|119|101244093|199666
0|119|120740840|237271
1|120|82458758|192721
1|121|81686518|183070
0|120|96598174|194891
1|121|70214657|91968
0|122|109872372|200413
1|122|86549813|167680
1|122|135133556|303789
0|122|188626833|352733
1|122|55179646|86153
0|123|84782677|158726
1|123|79132880|163531
0|123|154297336|302871
1|124|117636315|276553
1|125|120295780|268025
0|124|128255404|285570
1|125|111088394|226811
0|126|112981736|222876
1|126|58475729|76176
0|127|138945980|275197
1|127|107057778|267786
0|127|88619072|210242
1|127|109082132|229300
0|127|75839478|143497
1|128|82140008|151638
0|128|124470875|263036
1|129|130957009|289159
0|129|136428205|263762
1|130|106518635|229639
1|131|142235155|317744
0|130|175962275|356247
1|131|83600531|106976
0|132|173947773|331322
1|132|128729204|289203
1|133|124123833|269428
0|132|154613909|307899
1|133|69332353|81082
0|133|137425241|247755
1|133|109701230|218358
0|133|98214850|173757
1|134|136202139|232050
0|134|118611972|215732
0|135|82540679|150735
1|135|146286488|289440
1|136|124979781|245894
0|135|158081194|254467
1|136|118860636|154891
0|137|133084298|191401
1|137|136609109|241398
0|137|147804881|261399
1|137|101583924|195459
0|137|96432961|163811
1|138|110815508|184951
0|138|186723020|332793
1|139|129618415|277777
0|139|141470565|302754
1|140|134911823|278250
0|140|100090242|184194
1|141|107937801|205418
1|142|41497847|52598
0|141|112254519|194499
1|142|94223567|190933
0|142|169557586|333808
1|142|148346302|304657
0|142|50747672|81576
1|143|82799968|133474
0|143|118896299|235953
1|144|148560391|289725
0|144|86152683|169239
0|144|87895916|170300
1|144|118527345|237072
0|144|91346062|183322
1|146|96014429|184505
0|146|114366303|176038
1|147|90065242|174594
0|147|65083672|125091
1|147|91953402|150454
0|147|109496888|246510
1|148|121530229|239714
0|148|94622178|178636
1|149|101275360|188969
0|149|110570983|218939
1|150|102848634|218276
0|150|113026502|221256
1|151|98838761|210927
0|151|129765683|229335
1|152|109832040|212654
1|153|40762484|48985
0|152|130371738|251607
1|153|93748683|206742
0|153|86849468|180757
1|154|123280897|213334
0|154|120750624|208616
1|155|111931507|203298
0|155|119140302|210858
1|156|87361638|177356
1|157|59692573|82673
0|156|136558681|276176
1|157|168523879|338181
0|157|113228716|239478
0|158|189548627|256360
1|158|210485569|339708
1|160|114001819|171685
0|158|164553580|268199
1|160|107093268|187895
0|160|156574679|235345
1|161|147297368|255227
1|162|145107931|245925
0|161|243631780|329732
1|162|88407210|105321
0|163|108729815|170245
1|163|59229107|112976
1|164|102330119|123566
0|163|120728803|147105
1|164|89885403|126825
0|164|131481921|200887
1|164|121182598|210455
1|165|136006182|251771
0|164|200522012|288634
0|165|72652737|85670
1|165|137754779|166119
0|165|200540746|281604
1|166|163948364|262095
1|167|179884912|284533
0|166|224625566|298731
1|167|54754718|46789
1|168|140953147|230040
0|168|189534113|283522
0|169|209261127|276156
1|168|248725090|312350
1|170|105975651|80123
0|169|258427403|239885
1|170|152093784|241666
0|170|227162371|293115
1|171|208570154|281521
1|172|70514595|64242
0|171|158614864|234640
1|172|145092996|231965
0|172|114051896|185361
1|173|93118394|166406
0|173|76170567|127195
0|173|132308255|259578
1|173|173327520|343792
0|173|140124111|290567
1|175|140903422|291364
0|175|80437451|163500
1|176|117973663|220296
0|176|138771551|250002
1|177|151484721|272155
1|178|82275480|186612
0|177|210486234|275915
1|178|89287358|100513
1|179|115750040|168060
0|179|146883907|210365
0|180|120074877|189771
1|179|167095830|248480
0|180|110288113|177016
1|181|147612193|181566
0|181|158901040|224829
1|182|215767688|320418
0|182|146714718|205677
0|183|132479918|195202
1|183|148604641|227684
1|185|139294641|169468
0|183|178028274|228695
1|185|111248201|165283
0|185|155043343|219526
1|186|93029759|179451
0|186|58500007|104772
1|186|103055824|120755
0|186|116374697|179932
1|187|128209955|201953
0|187|123700695|175898
1|188|108737812|174493
0|188|158274343|234992
1|189|122766100|226362
0|189|98142833|154888
1|189|90897344|153256
0|189|82597581|166798
1|190|110071423|206957
0|190|165487113|277144
1|191|150307911|243738
0|191|141467911|265923
1|192|152879615|284643
0|192|197134488|266914
1|193|175659222|277912
1|194|82141381|83779
0|193|240408606|301817
1|194|166520464|284610
1|195|160820517|297713
0|194|193748648|337800
1|195|99009014|88816
0|196|186510601|266687
1|196|182557859|277360
0|196|130505652|216494
1|197|103759913|184490
0|197|139351264|271998
0|197|64020355|81885
1|197|175631718|321947
1|199|61554981|101616
0|197|113115118|177940
1|199|71257656|119683
1|200|125574054|228480
0|199|179789546|234220
1|200|41854125|35915
1|201|117515494|217700
0|201|181287108|260602
1|201|107957871|106456
0|202|215757661|313439
1|202|159591928|253943
0|202|170176639|238530
1|203|177677579|266535
1|203|71887308|58043
0|203|279453531|403602
1|203|205260985|336878
0|203|126240406|106729
1|204|143913689|161023
0|204|203330226|253786
1|205|167609993|237337
1|205|118024328|124773
0|205|295746385|428938
1|205|202745579|316860
0|205|119131810|167608
1|206|84699194|122547
1|207|204213446|258347
0|206|212327669|251086
1|207|202386469|96599
1|207|176458724|272473
0|207|380648948|365910
0|208|129674048|101300
1|207|168328255|156663
0|208|169734794|158426
1|209|275542017|250137
0|209|166028255|198927
0|209|191054350|276896
1|209|274573000|360365
0|209|193326397|305142
1|211|163667635|267084
1|212|90782473|104954
0|211|147907204|186490
1|212|116675796|166103
0|212|199272699|294875
1|212|154910768|259451
0|212|108523240|195045
1|213|140432338|232151
0|213|137409042|208204
1|214|145407523|217767
0|214|139446660|229289
1|215|117161778|197367
0|215|172169213|269081
1|216|118307006|227429
1|217|68262625|99664
0|216|137984094|192245
1|217|107976654|177370
0|217|145164837|212457
1|217|112490659|182230
1|218|139183508|185794
0|217|206703862|303633
1|218|124251275|213875
1|219|94955004|208123
0|218|165449444|275743
1|219|120566479|196255
0|219|180894070|305843
1|219|120973030|196031
0|219|129210033|183063
1|220|115696320|177337
1|221|81131180|145857
0|220|126574268|154019
1|221|68782832|90751
0|221|195593071|324772
1|221|138167174|261875
0|221|76789746|138948
1|222|113513547|196506
0|222|141412687|247573
1|223|114921285|221013
0|223|171459105|211987
1|224|179836386|225793
0|224|170508531|229118
1|225|160765987|226434
1|226|182112832|213121
0|225|201351206|238323
1|226|85525513|70014
0|227|182199936|257906
1|227|203050371|300206
0|227|240170000|330811
1|228|153163139|266127
1|229|47477662|36315
0|228|193942800|190939
1|229|150068199|181823
1|230|161286893|64496
0|229|389184322|251351
1|230|241455799|248723
0|230|169043711|136198
1|230|137834308|132147
1|231|179518198|232308
0|230|207661950|242004
1|231|63748490|43378
0|232|172586302|264444
1|232|138911104|230383
0|232|158905626|231671
1|233|187284226|273439
1|233|29622989|24723
0|233|163949259|249984
1|233|122690864|213664
0|233|86269061|147959
1|234|105558903|171435
0|234|178819993|246372
1|235|145433545|246569
1|236|85414323|94350
0|235|200254001|226795
1|236|118846107|173736
0|236|90838840|106813
1|236|92799418|117392
1|237|134429274|218878
0|236|148822978|238594
0|238|167490453|240913
1|237|182949185|245926
0|238|132097549|131774
1|239|145691402|170592
0|239|132528149|181744
1|239|171412659|223166
1|240|73482332|127151
0|239|145179876|219636
1|240|143198995|195525
0|241|150767165|181644
1|241|99769338|93496
1|241|198102511|333962
0|241|287250576|398798
0|242|68439760|91868
1|241|120697105|175640
1|243|150512494|280778
0|242|226402153|351001
1|243|69105247|69774
1|244|114536927|99107
0|244|290752577|317357
1|244|262580295|295450
0|244|423210078|292070
1|245|332290736|255221
0|245|197526408|186323
1|246|180418759|198310
0|246|99295457|151961
1|246|150269581|191193
0|246|210937856|245169
1|247|138876847|188589
1|248|167372537|235791
0|247|175674793|253490
1|248|127858310|141065
0|249|156019813|216618
1|249|96228835|152483
0|249|153069157|227276
1|249|110626063|186148
0|249|68684922|101180
1|250|111333164|150841
0|250|176184162|283473
1|251|150388551|256064
0|251|159870401|283183
1|252|132511869|248755
0|252|120050173|210130
1|253|114783360|200298
1|254|163729415|273834
0|253|169538821|266255
1|254|147295824|239687
0|255|146520252|221945
0|255|65410587|106016
1|255|126867290|168731
0|255|126531263|257819
1|256|117165761|256828
0|256|125995766|240175
1|257|87035414|188388
0|257|222133770|189416
1|258|242869318|230901
0|258|127985793|187258
1|259|145069378|211576
0|259|215002453|343294
1|259|183443883|315882
0|259|69864408|120987
1|260|118623408|164716
0|260|149896336|298493
1|261|164325955|305145
0|261|156274710|282102
1|262|113965925|218576
1|263|66356378|114773
0|262|109272250|164390
1|263|67988605|73014
0|263|80293952|145328
1|263|70508207|77893
0|263|106728647|210265
1|264|89037816|152686
1|265|96779165|155111
0|264|142855935|185567
1|265|77549648|30713
0|266|176203493|219716
1|266|131206573|199742
1|267|45649090|18055
1|267|103933266|94866
0|266|220430014|221655
1|267|105799144|102336
0|267|220807874|230265
1|268|187983312|236060
1|269|121271090|182713
0|268|184044667|224226
1|269|108621815|44935
0|270|178659703|207093
1|270|110392711|157411
1|271|89955949|38165
0|270|149727274|126573
1|271|114087872|140220
1|271|90298777|110679
0|271|211267786|278295
1|271|95834432|137473
0|271|93226074|133391
1|272|99714618|139536
0|272|69620057|92346
1|272|55434525|77631
1|273|100170664|194469
0|272|124325414|219983
0|274|120793204|152208
1|273|134698106|197271
0|274|79932047|125951
1|274|79480388|132740
0|274|144993885|250508
1|275|155802145|280638
1|276|105885643|206677
0|275|143751075|267574
0|277|78695835|88903
1|276|110960261|148548
0|277|165292257|279605
1|277|147836637|261003
1|277|89643368|102796
0|277|160482680|241743
1|277|113316877|171617
0|277|101090878|192748
1|278|135044751|220634
0|278|121461941|204438
1|279|101686238|172117
0|279|108891463|178240
1|280|128260543|200567
0|280|140609480|237832
1|281|155724761|283831
0|281|94053020|173961
0|282|83508127|135580
1|282|147597756|274848
0|282|104752076|195700
1|284|68393080|138030
1|285|118260825|253878
0|284|161108312|285489
1|285|79821827|93215
0|286|142745887|247444
1|286|133858418|268078
0|286|170242468|289203
1|287|139744666|264489
1|288|101133464|200278
0|287|126060852|230746
1|288|90652278|151733
0|289|116002013|213496
1|289|136909189|252958
0|289|132615296|275814
1|290|98676677|194854
0|290|178377184|341540
1|291|120113976|281764
0|291|132983052|279631
1|292|141579633|295115
0|292|137696433|252698
1|293|118722474|212727
1|294|110961590|175094
0|293|156388776|245561
0|294|59800554|104630
1|294|112161991|221267
0|294|106276443|193711
1|295|113441294|229776
0|295|92525433|154434
1|296|162822732|255001
0|296|113705450|197939
1|296|92707314|164675
0|296|122418010|242418
1|297|105072713|219081
0|297|117695179|223314
1|298|110772974|231111
0|298|112107103|187382
1|299|113385921|203174
0|299|72608184|150090
1|299|126167946|244789
0|299|120802863|248551
1|300|104594706|221059
0|300|102152875|201586
1|301|96157925|167665
0|301|161015470|303191
1|302|137954579|280239
0|302|149742189|251773
1|303|116425018|223357
0|303|105611340|226395
1|303|169989141|310259
0|303|105390322|134783
1|304|99984776|116304
1|305|101602821|214022
0|304|223065073|283579
1|305|75062824|97044
1|306|102473149|169589
0|306|202930625|327894
1|306|121230084|199809
0|306|154351312|274933
1|307|111182462|231310
1|308|57966101|74096
0|307|171128565|306572
1|308|129234551|249570
1|309|88715097|144395
0|308|148589813|247525
1|309|95381340|168696
0|309|123189394|242514
1|310|109703832|213342
1|311|157547446|262935
0|310|243227007|309952
1|311|154500765|186918
0|312|162349810|242205
1|312|134424256|207142
0|312|113993087|126490
1|313|98617354|117972
0|313|117840865|72843
1|313|98750946|80337
0|313|108592774|64054
1|313|127475356|119436
0|313|110795027|77069
1|313|141235269|120952
0|313|119614803|92571
1|313|91134964|106184
0|313|87265275|63717
1|313|83744412|93641
0|313|122048627|120441
1|313|130068899|159087
0|313|109027050|95938
0|313|75464536|71335
1|313|109012465|138350
0|313|95223413|82182
1|313|104733038|136571
1|313|133119508|191319
0|313|191814986|180810
0|313|107126555|131443
1|313|166643387|107405
0|313|63985633|48667
1|313|129851779|153399
0|313|98549864|104870
0|313|70231014|52704
1|313|141841834|164404
0|313|104954680|118106
1|313|90758025|102102
1|313|57274262|65529
0|313|128566462|140255
1|313|91275984|120362
0|313|119616654|129870
1|313|118014950|156590
0|313|74064167|83691
1|313|85775351|105819
0|313|117957843|145588
1|313|104670645|153999
0|313|66844990|83226
1|313|95435171|109363
1|313|150284032|242883
0|313|311973895|306628
1|313|86897842|98621
1|314|102428673|183169
0|314|120548328|187020
1|314|94521978|104766
0|315|202657151|324224
1|315|146135448|270289
1|315|137812246|230596
0|315|175416734|261530
1|315|156905110|267827
0|316|158972397|263828
1|316|94955522|95543
0|316|164316632|191330
1|316|79499589|146735
1|317|74275508|91174
0|316|166551097|229650
1|317|133497986|225699
0|317|119277002|138420
1|318|118640031|168366
1|318|119097438|177079
0|318|168314307|215363
1|318|67713155|70021
0|319|130915900|138110
1|319|94128487|139522
1|320|67347259|61097
0|319|183105228|238745
1|320|92304960|168768
1|321|85080266|117804
0|320|183070480|285875
1|321|121474430|206498
1|321|51966146|62351
0|321|171838779|264752
1|321|115918171|217823
0|321|62830759|102578
1|322|100170129|154098
0|322|135395258|240555
1|323|127928419|227289
0|323|132165074|213426
1|324|131419399|228958
0|324|125148610|237455
1|325|111487010|219301
1|326|85222581|88974
1|326|154573136|275184
0|325|295309411|324585
1|326|64137983|69481
0|327|166297355|283275
1|327|132210050|241586
1|328|155230308|304873
0|327|171667523|317359
1|328|41128611|36611
0|329|108929707|213344
1|329|137389581|266312
0|329|133526841|249720
1|330|141366716|255127
0|330|200271115|212404
1|331|194246085|199168
0|331|142633065|239807
1|332|120704870|228047
0|332|114333344|199000
1|333|149987817|243724
1|334|89518974|194576
0|333|171061400|291851
1|334|112110524|169859
0|335|152191968|266352
1|335|103924097|183291
0|335|148270193|284704
1|336|154478746|290265
0|336|129195477|222295
1|337|127496052|236856
0|337|79377043|120634
1|337|145567929|229991
0|337|208258088|275337
1|338|134918673|199448
0|338|154132139|201477
1|339|159557516|207787
0|339|218885233|281001
1|340|182779023|255668
0|340|176031029|252857
1|341|150356933|208560
0|341|186667057|236326
1|342|221800669|278895
1|343|168358633|213036
0|342|224712663|232097
1|343|97693752|83952
0|344|187791641|261373
1|344|178704248|251086
0|344|170676644|224917
1|345|181149693|246658
0|345|173708967|233070
1|346|101441770|160053
1|347|150282391|230185
0|346|170872536|233321
1|347|86964560|82758
0|347|214695199|329128
1|347|194899930|286879
0|347|77425669|100908
1|348|161858882|247463
0|348|169363328|256226
0|349|137521809|236326
1|349|177013628|320265
0|349|134155165|202304
1|351|164590688|249121
0|351|171117151|269560
1|352|157732001|260503
0|352|50051937|86640
0|352|109880741|185015
1|352|141805976|236911
0|352|135241655|233228
1|354|134533510|236921
0|354|115771468|184568
1|355|134520563|225280
0|355|106035133|157302
1|356|115512444|181102
1|356|81196251|162983
0|356|143904476|228289
1|356|85643603|94437
0|357|213766014|332114
1|357|164711408|289378
1|357|64816283|113246
0|357|81203725|143282
0|358|89644313|176861
1|357|96683443|182946
0|358|115029382|205860
1|359|155896165|234814
0|359|161949268|164024
1|360|131492634|165906
1|361|136021490|181519
0|360|192876483|252881
1|361|165315810|185560
0|361|189891011|247039
1|362|236612828|349606
0|362|195571929|291668
0|362|109610122|166772
1|362|158587130|276803
0|362|155227185|242904
1|364|160075896|298459
1|365|50037416|52099
0|364|153397814|278653
1|365|123129330|236256
0|365|145907365|245341
1|366|172582879|291402
0|366|134909956|219780
1|367|147571645|231221
1|367|133880049|238656
0|367|290941821|321616
1|367|94002523|101001
1|368|129967069|182679
0|368|211447344|286616
1|368|123898067|204148
1|368|140551550|258596
0|368|210609089|328991
0|369|131190814|219228
1|368|165159488|292537
0|369|56670079|96582
1|369|74575407|101702
0|369|113091390|197386
1|370|137137727|225084
0|370|114374572|186879
1|371|154893347|289193
0|371|129215910|260497
0|371|70002377|96395
1|371|115186978|220600
0|371|100134812|196208
1|373|131892655|229968
1|374|44882687|48741
1|374|132309637|265007
0|373|299204496|355727
1|374|104836013|123631
1|375|142536075|224979
0|375|198785888|268323
1|375|119994526|119791
0|376|183509452|231601
1|376|134269696|233337
0|376|159079115|254213
1|377|170899515|275019
0|377|188477712|320826
1|378|142356061|254848
1|379|123837085|204672
0|378|151777881|222265
1|379|76580966|94866
0|380|168395347|294780
1|380|170336751|298441
0|380|170066000|288611
1|381|163268934|282127
0|381|133379935|215942
1|382|174081494|288387
0|382|146845736|203822
1|382|120873917|169008
0|382|188613606|227338
1|383|183168511|238245
1|384|86230310|136193
0|383|187184878|232970
1|384|193595180|208632
0|385|224405384|272704
1|385|126317351|154921
0|385|146590823|189998
1|386|156350584|213389
0|386|137124182|203144
1|386|210755613|293015
0|386|160102290|238216
0|387|156401492|206204
1|387|177632113|276466
0|387|106143554|146683
1|388|131724610|174003
1|389|143166939|222501
0|388|196407146|258453
0|390|139534975|147089
1|389|183934020|203496
0|390|127379159|179565
1|390|202939615|242106
0|390|122967284|154961
1|391|117078947|131434
0|391|237250813|260835
1|392|145111559|204978
1|393|199390789|277769
0|392|207198668|286495
1|393|131879626|178192
0|394|166206017|254077
1|394|108489005|156294
0|394|189101107|308195
1|394|139876866|259889
0|394|68050454|91877
1|395|101280217|141821
0|395|146932135|228263
1|396|155750626|255271
0|396|212265952|331699
1|396|153662613|265425
0|396|85351772|108402
1|397|142280852|183263
1|398|90549888|180252
0|397|164149794|244359
1|398|123103157|202200
0|398|116592254|197507
0|399|121837459|230753
1|398|127654256|225164
0|399|104636315|196121
1|400|162940171|268048
0|400|171429683|278259
1|401|115294737|213316
0|401|130275803|197887
1|402|148001124|227503
0|402|77335102|161699
1|402|162789987|278772
0|402|125864913|230863
1|403|76638987|112456
0|403|111477780|197697
1|404|131320387|207963
0|404|131400357|234499
1|405|117693093|222231
0|405|171592480|281217
1|406|129252211|260602
0|406|132041352|226535
1|407|131817879|224178
0|407|140276368|255027
1|408|172311414|264356
1|409|146234507|255334
0|408|205230942|297551
1|409|80650552|84981
0|410|144234052|246486
1|410|120562413|241981
0|410|134754076|217511
1|411|125687496|205082
1|412|45974252|57304
0|411|124622663|176727
1|412|83987058|126403
0|412|128903607|216074
1|412|125507390|226855
0|412|137823535|237325
1|413|149331385|248641
0|413|122626003|233131
1|414|117776145|222742
0|414|176681068|269641
1|415|142951152|266786
1|416|40861646|31141
0|415|188817838|300384
1|416|151179177|266648
1|417|36446304|35192
0|416|116333986|204730
1|417|104893911|200309
0|417|148801373|237297
1|418|123448871|228784
0|418|114699744|208876
1|419|111799104|181067
0|419|165322067|311468
1|420|158565540|288402
0|420|123369089|224434
1|421|114205547|228476
0|421|127692148|256897
1|422|130698544|259190
0|422|75934449|140345
1|422|118025141|205771
0|422|100643366|180093
1|423|120285088|197564
0|423|130676092|237384
1|424|134319331|223475
0|424|138004102|247612
1|425|113510173|232631
0|425|139188730|239959
1|426|93802128|201108
1|427|150067775|308192
0|426|174019623|334753
1|427|141712067|229708
0|428|160407308|300129
1|428|114011400|196135
0|428|113821534|179671
1|429|135708747|247062
0|429|117494376|175645
1|429|175122119|307530
0|429|197816070|235001
1|430|109859669|128408
0|431|214686077|273269
1|431|154750112|257520
1|432|100067235|128639
0|431|148604650|219698
1|432|125153202|172320
0|432|157444099|245058
1|432|148628170|260782
0|432|219255489|361945
1|433|150949913|301690
1|434|88287649|95257
0|433|192041832|378043
1|434|193589707|347266
0|434|128489798|171854
1|435|79685634|132262
0|435|122999644|234790
1|435|148347842|274534
0|435|150037057|313696
1|436|174451564|311121
0|436|147658918|216396
1|437|82528564|165154
1|437|120750723|251296
0|437|158354843|276805
1|437|125216781|221851
0|438|158776798|328747
1|438|131101005|251820
0|438|138256441|246055
1|438|74400999|147449
0|438|79354545|133916
1|439|102501580|158132
0|439|111316412|172599
1|440|102887314|178696
0|440|201604208|382459
1|440|177393678|350237
0|440|48772378|88186
1|441|90352615|114828
0|441|127047874|215647
1|442|79515006|176799
1|442|69855861|88150
0|442|209159233|409300
1|442|163140228|342827
0|442|91028281|170103
1|443|133874190|224584
0|443|134068595|236788
1|444|209995952|355157
0|444|179626925|300176
0|444|132836371|258872
1|444|180108537|369238
1|446|93250886|199205
0|444|119122593|216088
0|446|96168869|206146
1|446|105751594|207055
0|446|103512446|210015
1|447|128774388|257519
0|447|121403370|259336
1|448|146294938|289270
0|448|151433847|290279
1|449|118926258|240876
1|450|62528154|83447
0|449|147607413|290957
1|450|105272220|253164
0|450|125235352|253200
1|451|131451944|262768
0|451|150906472|306724
1|452|166471810|319108
0|452|126282787|205494
1|453|109002142|186928
0|453|108099267|212652
1|453|125609835|223169
0|453|108660631|229774
1|454|175596858|330967
0|454|141723059|266384
1|455|114328157|215254
0|455|164671918|276834
1|456|62610944|156939
1|457|144045723|290916
0|456|152631147|304510
0|458|118022266|222741
1|457|131813279|229866
0|458|88252664|171732
1|459|128144039|231124
0|459|64667743|112610
1|459|104940875|184540
0|459|101008144|202414
1|460|96590508|164971
0|460|198929524|350490
1|461|152076945|310367
0|461|104083309|225860
1|462|122543137|241165
0|462|151215065|261354
1|463|151831097|277835
1|464|166963559|310388
0|463|286021393|366366
1|464|109193871|102615
1|465|178655128|277256
0|465|227065010|344317
1|465|163173688|217736
0|466|169875347|223466
1|466|66931318|53749
0|466|205597541|273358
1|466|171206242|257507
0|466|88706875|111715
1|467|193736332|188194
1|468|113499654|195018
0|467|242334728|297932
1|468|153271118|203936
0|469|154660512|196313
0|469|69045905|92825
1|469|161406064|170325
0|469|210006281|256922
1|470|151817840|227602
1|471|127652389|163695
0|470|202768284|240917
1|471|92414378|144500
0|471|113830756|179990
1|471|136149191|197559
0|471|140185004|178809
1|472|144890134|178755
1|473|150182128|238530
0|472|255701733|298321
1|473|57013262|56021
1|474|129121655|222281
0|474|165279568|238079
0|474|122047863|203157
1|474|130680746|210765
0|475|98159355|140351
1|475|113676306|176944
1|476|88076105|133220
0|475|157658719|252489
1|476|62964592|122696
1|477|128350920|181064
0|476|197969394|300320
1|477|148508552|212559
0|477|148631203|223525
1|478|155715832|239432
0|478|173939486|287724
1|478|168735002|282047
0|478|139391621|214779
1|479|176888300|295633
0|479|136888013|218977
1|480|151826906|253200
0|480|168123418|273764
1|480|125065387|233196
0|480|117915069|196376
1|481|177596732|288503
0|481|160140117|223146
1|482|122095444|185983
0|483|158965434|255907
1|483|109571557|192995
0|483|151828571|250001
1|484|165106366|299030
0|484|91849281|158722
1|484|155542879|309159
0|484|155731405|284845
0|486|117903123|211712
1|485|126369456|226026
1|487|84590142|93698
0|486|152061244|238598
1|487|87096437|178247
0|487|110871579|176618
1|488|94169730|161805
1|489|140663781|256985
0|488|148898471|254480
1|489|106130653|145571
0|490|126707938|226586
0|490|170696870|266449
1|490|218436494|362079
0|490|118533937|200532
1|492|123935055|218451
0|492|145936795|268371
1|492|119163306|219276
1|493|52680445|77692
0|492|67058680|106586
0|493|110200269|186593
1|493|125362971|228150
1|495|164596675|216796
0|493|246276589|283091
1|495|125337460|202842
0|495|207922127|197486
1|496|172949333|253926
1|496|56036962|70348
1|496|151045058|282095
0|496|283928749|400924
1|496|119082807|144834
0|497|155430332|265508
1|497|109555435|187516
1|498|157234540|307947
0|497|166282279|290904
1|498|98892906|109637
0|499|198171716|299974
1|499|126862687|250118
0|499|155654604|243832
1|500|160425204|274924
0|500|140177740|217806
1|501|124886661|193090
0|501|55980836|83468
1|501|142240502|228785
0|501|136522400|267333
0|502|130455937|247974
1|502|177904479|341190
1|504|85237576|70869
0|502|195375585|324520
1|504|195122158|389034
0|504|159689432|270631
1|505|64238550|145417
0|505|145998117|244854
1|506|148938231|242311
1|507|62886233|79795
0|506|195212500|345783
1|507|141566238|296833
1|508|148780400|284078
0|507|168644273|309467
1|508|106678205|125863
1|509|172870755|282151
0|509|290050155|349957
1|509|93128472|63330
0|510|186072007|221868
1|510|268583072|333524
0|510|185694886|220523
1|511|73755799|92083
0|511|176773362|220171
1|512|214768774|268064
0|512|218755528|234142
1|513|157996384|185848
1|514|279622923|318406
0|513|311477667|319326
1|514|110386264|84355
0|515|261160810|265576
1|515|180099743|242424
1|516|193932001|274326
0|515|217317802|300172
0|517|148897134|163737
1|516|156120627|164657
0|517|160244024|225460
1|517|165102048|219799
0|517|144645901|247781
1|518|224868750|331443
0|518|188509694|280491
1|519|256683823|369223
0|519|163542116|258728
0|519|146112909|221379
1|519|173787697|314404
0|519|143161637|187362
1|521|161027652|232040
0|521|115975408|185507
1|521|187477613|279788
0|521|127906297|215348
1|522|123966269|181834
0|522|187993761|279215
1|523|140018194|237727
0|523|140469717|223036
1|524|81979513|161023
1|525|131301661|240168
0|524|158115866|240755
1|525|114467920|101009
1|526|162209772|236079
0|526|284892895|284410
1|526|107304612|123364
0|526|95397980|134913
1|526|152480836|250673
0|526|135230275|206106
1|527|141028255|229460
0|528|144060840|216357
1|528|96241773|101526
0|528|243922164|359305
1|528|182667680|322833
1|529|57110851|101810
0|528|98703355|146005
1|529|78417223|86047
0|530|198799491|299990
1|530|180792767|300611
0|530|158791316|235448
1|531|126708330|228128
0|531|155399911|261576
1|531|177047228|272721
0|531|95974511|153868
1|532|130516974|168679
0|532|140569975|234440
1|533|134340121|222103
1|534|82443167|73673
0|533|312770574|302117
1|534|174365524|264220
1|535|178292105|204549
0|534|268922068|323842
1|535|131705481|198311
0|535|186425727|266811
1|536|175655976|270877
0|536|151075969|237169
1|537|132448109|213739
1|538|117663048|196713
0|537|142501506|211459
1|538|65017000|75718
0|538|113834111|172984
1|538|140007027|197462
0|538|167313685|277836
1|539|150269871|258304
0|539|180660371|273436
1|540|135574098|252168
1|541|127019306|211391
0|540|173730747|245083
1|541|119004498|125643
1|541|143779428|251704
0|541|248923885|299380
1|541|62299727|52174
1|542|114677735|174311
0|542|171899442|187747
1|542|95606461|78041
0|543|210356589|239586
1|543|203528039|319505
1|544|85967143|172204
0|543|184547155|280143
1|544|79924864|89624
0|545|140840099|179261
1|545|104034014|165427
1|545|124332629|227524
0|545|174227594|283815
0|546|46361947|60611
1|545|101606789|136166
1|547|132053512|245532
0|546|198484967|298582
1|547|127357434|108182
0|548|214604175|227485
1|548|121924043|211963
1|549|71429242|61187
0|548|182321190|255759
1|549|162590002|280147
0|549|193771335|267242
1|550|149357001|232176
1|550|64670963|109984
0|550|81529287|138392
1|550|116728878|200084
0|551|115039436|191164
1|551|104680646|118806
0|552|214548232|326652
1|552|150240789|273743
0|552|38924622|39955
1|552|160894266|291433
0|552|170856680|275913
1|553|80295752|83633
0|554|135770876|201957
1|554|143553497|228912
0|554|151106163|245934
1|555|174240873|296059
0|555|107314491|167509
1|555|148078292|291823
0|555|142559475|254109
0|557|126971261|220911
1|556|149223460|276662
0|557|116447747|206022
1|558|148622618|246647
1|559|176122141|301742
0|558|308879824|365118
1|559|120051184|92868
0|560|224414887|302307
1|560|204300482|296511
1|561|185510143|266286
0|560|207592728|299479
1|561|158360955|173435
0|562|191840061|257775
0|562|190142803|261508
1|562|243786012|349624
1|564|171953851|205044
0|562|197548420|205138
1|564|129331612|102939
0|565|212306541|215763
1|565|183851377|209920
0|565|183098719|245437
0|565|114017780|156398
1|565|219672847|310101
0|565|199692540|256353
1|566|192870906|282760
1|568|177370165|200513
0|566|247530587|282639
1|568|133792881|183338
0|568|210048370|270273
1|569|157413959|222690
1|570|43967592|40517
0|569|158800484|225938
1|570|131385822|210662
0|570|201343664|258500
1|571|165415072|242770
1|572|105241626|109446
0|572|210428288|315953
1|572|183334545|314863
0|572|204502260|315259
1|573|166901206|283919
0|573|207120251|301978
1|574|201529350|308185
0|574|310979059|287381
1|575|287682796|251242
0|575|341153072|252255
1|576|363951247|264832
1|577|144512646|48510
0|576|477720402|329325
0|577|56163238|48052
1|577|394878137|322241
0|577|228938375|167716
1|578|491372166|336966
0|578|343856108|280652
0|579|186425234|226406
1|579|235814041|304827
1|580|293746617|280204
0|579|321630188|298308
1|580|143154747|142746
0|581|163825351|190791
1|581|205078927|314814
0|581|165749478|246119
0|582|56979393|69367
1|582|114637392|132129
1|583|118503709|205698
0|582|180576291|266198
1|583|168928863|259248
0|584|170414105|252107
1|584|171548356|276152
0|584|177330219|286040
0|585|61666712|102417
1|584|144355812|217809
1|586|150990838|346017
0|585|268280534|467907
1|586|98773875|76217
0|586|238773913|411595
1|586|264016973|419395
0|586|110389029|195693
1|587|101471629|172316
0|587|141331288|171911
1|587|169553897|217498
1|588|111641505|290280
0|587|214316605|408933
1|588|159881825|268860
0|589|159205755|269735
0|590|115050187|158019
1|589|204240234|245328
1|591|100926850|144566
0|590|202150687|217646
1|591|89010511|75449
1|591|154060558|249105
0|591|269626105|324418
1|591|88544062|88007
0|592|99532635|128428
1|592|124514704|160097
0|592|137938072|142499
1|593|148085164|186525
0|593|183885901|218211
1|593|155226337|215822
0|593|207337173|292136
1|594|164312660|253274
1|595|163685988|220111
0|594|277365302|373671
1|595|242807274|281989
0|595|156609356|192534
0|596|146366450|244813
1|596|168505300|299134
0|596|123558037|214726
1|597|137025663|238148
1|598|68467482|66489
0|597|166083007|294195
1|598|167322260|291920
0|598|210394994|341894
1|599|176199081|313036
0|599|114940616|206534
1|600|173483607|273638
0|600|123471798|156472
1|601|121396268|191484
0|601|133873362|213787
1|601|109376876|147690
0|601|132717716|209356
1|602|155462359|238632
0|602|191164087|309686
1|603|182303280|328644
0|603|172975970|233612
1|604|78687366|134265
1|604|144416356|134195
0|604|265698017|309290
1|604|191620611|276742
0|604|151656608|205948
1|605|160535225|192740
0|605|236374309|265168
1|606|365748009|391800
0|606|252975247|270306
1|607|63717704|91535
1|608|163886003|172327
0|607|198366661|178599
1|608|145607731|153595
0|608|171901225|212673
1|608|149684722|169834
0|608|255165279|348418
1|609|195033885|322375
1|610|52947607|33526
0|609|193197781|242313
0|610|167736332|246367
1|610|261266943|328573
0|610|77995996|84940
1|610|181878197|213758
0|610|202653168|266178
1|612|208316383|252130
0|612|210290080|265931
1|613|192620545|271063
0|613|258000538|314495
1|614|167910198|252057
1|615|128113148|154108
0|614|187696771|271139
0|615|42022022|47989
1|615|166335179|246804
0|615|220498657|348040
1|616|178645048|293218
0|616|104682993|162066
1|617|168304013|225355
0|617|177673214|260464
1|618|153341970|230597
0|618|156292963|224183
1|619|168255737|248414
0|619|159954961|233261
1|620|150487376|227445
0|620|174191507|274885
1|621|166830058|275822
0|621|178189114|280670
1|622|249503321|388567
0|622|171862337|257264
1|623|66813213|99214
0|623|71237321|105675
1|623|146068734|210134
0|623|137053949|213087
0|624|180053490|285197
1|624|218530329|369765
1|626|112572201|151196
0|624|145618199|245592
1|626|301408492|221785
0|626|368480126|247605
1|627|192064069|188960
0|627|247081004|265727
1|628|172160113|214536
0|628|74668432|75809
0|628|177939081|230096
1|628|252622082|281127
0|628|175994791|216446
1|630|158860437|195692
0|630|217140990|262435
1|631|347404869|379460
0|631|233137317|313434
1|632|188670225|262669
0|632|274731800|304333
1|633|222348392|264959
0|633|160898450|170085
1|634|203184305|238085
0|634|184813938|241052
1|634|138522283|176689
0|634|176813502|260441
1|635|206942505|294416
0|635|193195455|252998
1|636|175941427|233126
0|636|136798498|197881
1|637|167413540|234560
0|637|148749898|202209
1|638|106745974|160566
0|638|166445645|221163
1|639|166310107|209447
0|639|225319062|301323
1|640|255037936|330280
1|641|140788694|255627
0|640|224324655|333310
1|641|162277558|173246
0|642|185105921|256618
1|642|205009680|254222
0|642|187717661|218474
0|643|194726751|277346
1|643|217996494|336139
0|643|138498656|201368
1|644|166936920|227344
0|644|135059944|196436
1|645|159925439|198763
0|645|147309954|173484
1|646|142655365|171843
0|646|143144579|163118
1|647|176362344|224800
1|648|139583126|189006
0|647|224941249|256718
0|649|152814906|184819
1|648|164784672|178371
1|650|44967904|37527
0|649|159551151|173962
1|650|195967997|231798
0|650|205604970|256238
1|650|199950155|249324
0|650|137551375|178523
1|651|155400583|187661
0|651|263248543|351584
1|652|184088267|277149
0|652|137124631|174852
1|653|136681905|187087
0|653|74748415|100085
1|653|127254200|155067
0|653|170166504|245445
1|654|174876465|244410
1|655|198150752|246196
0|654|280886925|267869
1|655|72076895|61054
0|656|230075111|285076
1|656|177012219|256244
1|656|135474775|111444
0|656|324003950|364824
1|656|187832902|291980
1|657|86013250|104409
0|656|135707151|183057
1|657|115299081|151514
0|657|251115884|360289
1|658|232941019|340857
0|658|233995063|320658
1|659|200026317|317322
0|659|182556139|244659
1|660|181802755|244277
1|661|189842870|243126
0|660|230369091|287093
1|661|95472216|67619
0|662|239266816|238600
1|662|186005248|230515
0|662|209834931|267960
1|662|220238454|265194
0|662|83987905|113888
1|663|207969856|232088
0|663|199972034|246955
0|664|200939512|250854
1|664|250117883|330231
0|664|219870568|296468
1|666|223169283|294205
0|666|130553071|160443
1|667|149441792|181328
0|667|181939506|234321
1|668|182005140|228507
0|668|154234371|226669
0|669|97253968|134341
1|669|232473893|329258
1|669|39098618|33598
0|669|146939016|205878
1|670|132281225|212567
0|670|171785413|217316
1|671|174441670|215682
0|671|181183280|275797
1|672|188507062|277779
0|672|143054196|204351
1|673|259340548|328426
0|673|193003101|256393
0|674|50780263|57595
1|674|157004117|208792
0|674|164116992|239561
1|675|219392787|302223
0|675|142772634|197519
0|676|63493317|74179
1|676|155768144|174775
0|676|141529747|199699
1|677|166866683|208282
0|677|177473070|251807
1|678|241396785|343301
0|678|181182150|261459
1|679|122653073|186993
0|679|141474441|190763
0|680|62272097|81198
1|680|195062137|284535
0|680|127092729|188163
0|681|193709936|274370
1|681|232832839|323367
1|683|77975349|63466
0|681|237216944|308412
1|683|169584780|277617
0|683|309369090|250660
1|684|309885220|251194
0|684|128718579|158610
1|684|199349485|203175
1|685|250332433|255563
0|684|373467809|270753
1|685|92381005|71304
1|686|208357345|270473
0|686|313057731|334266
1|686|162632711|189069
0|687|181599891|242805
1|687|137300159|158995
0|687|167229563|219833
1|688|244462160|328357
0|688|206478026|288652
1|689|185020988|272115
0|689|175625292|249833
1|690|138933260|175192
0|690|176254124|225298
1|691|139600504|202134
0|691|248796938|353645
1|691|197799390|305608
0|691|64682980|87905
1|692|128844391|145190
0|692|173673324|229771
1|693|171319019|230984
0|693|255021513|404292
1|693|218584501|361349
0|693|64776080|74710
1|694|186288528|221431
0|694|212632423|287760
1|695|139279739|186411
0|695|160172567|228678
1|696|161385256|253521
0|696|237885373|376412
1|696|206418931|325613
0|696|83769048|135641
0|697|190940397|309610
1|697|215937067|389101
1|698|123235457|145178
0|699|152076578|189862
1|699|165306627|228270
0|699|174081410|232361
0|699|126147893|189066
1|699|167352075|269575
1|701|110300626|190087
0|699|120085305|198787
0|702|109911227|185977
1|701|145084760|232646
0|702|145577856|209617
1|703|171777665|238429
0|703|231868817|352004
1|704|191109260|317699
0|704|176179925|269923
1|705|216467838|275327
0|705|132167832|212322
1|706|177383746|236890
0|706|234671781|307103
1|707|213300500|279734
0|707|176236488|288205
1|708|313957403|409560
0|708|241677146|303569
1|709|206809657|315615
0|709|186909372|213485
1|710|47451902|36777
0|711|162624738|172008
1|711|123761993|156864
1|712|193042547|274070
0|711|211800414|281737
1|712|91425588|64427
0|713|170713532|252925
1|713|269121865|390132
0|713|203538945|276649
1|714|79361630|128345
0|714|193334247|273577
1|715|173374821|264985
0|715|134141480|189101
1|716|105375470|158254
1|717|161330842|243581
0|716|166883636|233408
1|717|83650604|80764
0|717|233857603|345725
1|717|181529506|308750
0|717|88895095|129421
1|718|135283458|178741
0|718|170180964|246708
1|719|146371188|263658
0|719|85151490|134178
1|719|103291185|141732
0|719|180727150|258382
1|720|115212864|218699
1|721|154649151|222309
0|720|169010584|228155
1|721|113225868|108558
0|721|240250315|351204
0|721|46067483|65534
1|721|209993077|322280
0|721|118562700|192156
1|722|168259646|258897
0|722|135502015|175372
1|724|137423110|173401
0|724|201085244|280968
1|725|144779383|246376
0|725|92054131|111854
1|725|143246558|191775
0|725|207110054|274541
1|726|145530383|226010
1|727|183914502|196579
1|727|47851808|105127
0|726|248761088|309246
1|727|129942184|102849
0|728|201992984|199393
1|728|170428922|204274
0|728|279179327|256279
1|728|202141057|211752
0|728|257276739|265444
1|729|244331246|269467
0|729|79206475|85126
1|729|93053273|109775
0|729|148563397|179096
1|730|216629842|222116
0|730|287315111|313110
1|731|247908613|289312
1|732|190571353|176072
0|731|293297437|291218
1|732|154057790|179281
0|732|213778218|244366
1|733|196214874|239292
0|733|224198164|274663
1|734|237445436|294689
0|734|189745383|231501
1|735|177424543|213953
0|735|180986511|239364
1|735|233838764|278458
0|735|226636593|347871
1|736|165645006|302729
0|736|169604458|293852
1|737|164254777|289247
0|737|247487480|280440
1|737|197696814|286923
1|738|35137240|17188
0|737|141463722|173980
1|738|189577970|211677
0|738|310220626|368127
1|739|246867155|333507
0|739|231261452|257049
1|740|204077682|230077
1|740|146404689|123389
0|740|191142979|195731
0|740|209573056|213547
1|740|271041830|304883
0|740|210258859|276723
1|741|248458129|320975
0|741|218678869|273292
1|741|205930989|272379
0|741|223338613|289474
1|742|219868207|294072
1|743|87116043|126748
0|742|142929645|171195
1|743|125526379|88448
0|743|284634418|353079
1|743|201409675|305198
0|743|124947636|145689
1|744|153363503|186147
0|744|156128596|186398
1|744|211079024|223109
0|744|213098584|288299
1|745|214578343|273296
0|745|252786580|310672
1|746|151562494|248337
1|747|103021680|87631
0|746|222971709|307944
1|747|244775888|312163
0|747|222984396|270667
0|748|121317223|145164
1|748|254928305|342412
0|748|154615628|227543
1|749|172841727|243851
0|749|176737750|223101
1|750|199539360|248945
0|750|224178879|294133
1|751|148829387|230345
1|752|133726876|215191
0|751|172136519|246081
1|752|76025420|66323
0|753|139624065|199398
1|753|153054223|216616
0|753|138625714|158852
1|754|143627720|181344
0|754|142914052|197236
1|754|165817426|213768
0|754|203272353|326463
1|755|247712135|383821
0|755|150262854|222963
0|756|166957368|236091
1|756|192022148|309799
0|756|69854895|109120
1|757|130847669|171031
0|757|150226675|266776
1|758|189682578|284725
0|758|192334614|290219
1|759|162039633|273970
0|759|181822494|260492
1|760|177509800|253251
0|760|146767355|190554
1|761|181039005|224519
0|761|220008391|319795
0|761|72600420|95550
1|761|191516589|315279
0|761|163183964|240217
1|762|153080707|238373
1|764|107953771|101672
0|762|220456147|342693
1|764|137731493|255002
0|764|187227104|321612
1|765|158231143|286452
0|765|143414725|223102
1|766|170522729|280376
0|766|144050608|259442
1|767|177344413|287539
0|767|172491049|303910
1|767|193942888|331062
0|767|86529909|151803
1|768|116675439|130641
0|768|204089417|327588
1|769|112762491|241631
1|770|108800704|180249
0|769|177935228|311796
1|770|129967696|215351
0|770|165391219|271802
1|771|151886289|256927
0|771|219938833|326185
1|772|191894356|316378
1|773|43652215|35548
0|772|148400465|248495
1|773|206740883|344689
0|773|160757292|272338
0|774|132828517|251135
1|774|196414061|381723
0|774|175587554|260623
1|776|159721151|255671
0|776|166554987|293261
1|777|156902328|289853
0|777|117769910|227191
1|778|146528018|245906
0|778|203377065|217784
1|779|194866398|216336
0|779|252352171|417851
1|779|234221819|361046
0|779|41180991|49505
0|780|117613398|203879
1|780|142871866|242339
0|780|136116032|203033
1|782|161465501|239353
0|782|152438317|222960
1|783|191601247|271944
0|783|164129806|222183
1|784|109169572|164791
0|784|70510551|113019
1|784|102471182|151543
0|784|158209349|249002
1|785|126739938|211294
1|786|119606272|213284
0|785|138144161|246168
0|787|126416159|159799
1|786|129954281|164610
1|787|168452243|276764
0|787|189135110|280855
1|787|62205281|47320
1|788|167542196|208962
0|788|293728152|319912
1|788|129427877|185704
0|788|194695914|283738
1|788|199260692|297528
0|788|72888079|113549
1|789|108103654|133192
0|789|171452072|228422
1|790|156795607|212362
0|790|125241075|182649
1|790|196325930|295654
0|790|148121470|243506
0|791|147862678|249581
1|791|155955977|313228
1|793|139491206|215094
0|791|144339346|218662
0|794|139234121|177564
1|793|158321183|235580
1|794|56388333|43640
0|794|268763315|401664
0|794|46560966|72837
1|794|244870364|400238
1|795|167759058|289643
0|794|178724145|287875
1|796|100419212|86670
0|797|152313404|231673
1|797|111431997|197054
1|798|169005717|281003
0|797|283031017|307959
1|798|174289585|134080
0|799|207521022|275313
1|799|197645560|268321
0|799|164327773|212033
1|800|199195366|255810
0|800|153054518|203877
0|801|170142830|231812
1|801|200849627|294849
0|801|124978885|168552
1|803|264872671|309897
0|803|178793283|237573
1|804|250214238|415644
0|804|233397400|349188
1|805|189598830|277669
0|806|195513864|274350
1|806|180866420|282168
0|807|169027927|269709
1|807|169129222|300835
0|808|170701234|293809
1|808|184099095|291579
0|809|198053159|308657
1|809|72928269|77718
0|810|175884068|299233
1|810|134985823|276836
0|810|180828857|304489
1|811|171514944|283482
1|812|142202133|125972
0|811|292670008|288379
1|812|242637053|293701
0|812|216010041|269998
1|813|211015102|247951
0|813|138991625|180207
1|814|225597557|293049
0|814|221835596|284254
1|815|131355902|163949
0|815|188447902|260922
1|816|224257408|295974
0|816|234366217|290726
1|817|266647983|371865
0|817|190420905|263040
0|818|42117637|37053
1|818|158050624|200678
0|818|184140255|242622
1|819|180872594|208512
0|819|173004451|212778
1|820|221962702|238322
0|820|291041767|285494
1|821|214011802|266250
1|822|280139988|241838
0|821|332126997|295344
0|823|210267657|126699
1|822|287821283|199111
0|823|360549870|301589
1|824|300991721|277445
1|825|69916459|53047
0|824|159107729|191352
1|825|177104948|210985
0|825|279056490|312783
1|825|195440655|262316
0|825|68298543|93331
1|826|103603392|133824
1|827|107955714|178492
0|826|176442424|254311
0|828|80110900|102845
1|827|178491446|198222
0|828|210613961|291134
1|829|161976443|237739
0|829|121091183|171083
1|830|146215738|204808
0|830|149053757|231615
1|831|233220067|325056
0|831|169774890|239871
0|832|37400233|37706
1|832|195379106|295972
0|832|218797629|286958
1|833|167686761|201018
0|833|160979043|242474
1|834|195700440|309764
0|834|127274068|192444
0|835|173052964|259435
1|835|200680016|318496
0|835|171072866|247211
1|837|178944826|284291
1|838|147421002|236412
0|837|192780933|281982
1|838|137655813|151958
0|839|150643049|211364
1|839|180707449|286249
0|839|183094152|259512
1|840|46445472|79608
1|840|232447050|382413
0|840|249960998|400167
0|841|59969857|67025
1|840|136918810|165975
0|841|136814930|191043
1|842|163574277|200757
0|842|277108200|355805
1|843|233667965|339952
0|843|237185792|280836
1|844|182553863|255046
1|845|92111514|84389
0|844|171395021|254069
1|845|165764007|265321
0|845|240919189|299389
1|846|188507908|284890
0|846|174062633|242139
1|847|140987042|202329
1|847|176223157|273767
0|847|178171005|258981
1|848|92826267|155794
0|848|100018748|165997
1|848|93194311|76117
0|849|189541267|282016
1|849|135038233|254023
0|849|182634825|258477
1|850|180429876|267672
0|850|198889752|243414
1|851|185956199|247182
1|852|160448452|219847
0|851|181187342|246114
0|852|51982559|48147
1|852|160836066|161472
0|852|208696796|279436
1|853|190872107|255894
1|854|145329230|216047
0|853|247441577|289694
1|854|118160532|95425
0|854|272234508|282549
1|854|227108083|248129
0|854|148928229|174148
1|855|196757828|210359
0|855|198425514|225624
0|856|119704248|137097
1|856|258394822|299363
0|856|138947874|186330
1|857|207689631|250634
0|857|206012353|271453
1|858|284837785|375485
0|858|216138211|297666
0|859|47063836|37747
1|859|139147759|181832
0|859|156668916|222702
1|860|187232071|226355
0|860|189250314|216040
1|861|308554011|354469
0|861|261383450|335076
0|861|213772199|336293
1|861|268255056|452752
0|861|197348057|246882
1|862|215473284|258761
0|862|107040681|156926
1|863|211333412|245180
0|863|283702387|344559
1|864|188086581|274126
0|864|164923807|187784
1|865|134480864|153828
0|865|206246800|240447
1|865|219107874|242613
0|865|110905566|134413
1|866|151506953|170970
0|866|259168626|308309
1|867|245662783|329073
1|868|66934378|23873
0|867|249130366|266068
1|868|142736239|182974
0|868|124535686|132455
1|868|121478926|130717
0|868|131272232|192847
1|869|320524710|481680
1|870|52783740|72313
0|869|249104115|353005
1|870|99658088|127980
0|870|102343442|128749
1|870|52568304|32741
0|871|148117252|208415
1|871|163842394|227447
0|871|237636544|314003
1|872|212358442|352999
0|872|200895793|317810
1|873|162755555|273686
1|873|87506493|86947
0|873|112724563|145877
1|873|63959158|78081
0|873|101187667|161139
1|874|164648265|251008
0|874|114052736|146637
1|875|172801150|309885
0|875|173955415|270392
1|876|72409672|50592
0|877|137842851|194371
1|877|88415914|154421
1|878|59134527|42058
0|877|148488516|207276
1|878|144258385|235588
0|878|193199751|275999
1|879|165570361|275323
0|879|191349645|305496
1|880|163725955|267501
0|880|154598619|241110
1|881|145996688|239557
1|882|122002744|156248
0|881|158505742|233362
1|882|118749461|167645
0|882|145092949|222175
1|883|126675596|228073
1|884|604609|0
1|884|67439807|133794
1|884|271478|0
0|883|162238504|237153
1|885|28319390|0
1|885|156005857|153248
1|885|278703|0
0|885|158262225|227597
1|886|1843112|0
1|886|134113720|150239
1|886|270318|0
0|886|137271548|205798
1|887|2861345|0
1|887|141191273|155455
1|887|261298|0
0|887|147634754|218417
1|888|6173871|0
0|888|130047452|199703
1|888|130261998|151967
1|889|325172|0
1|889|135951527|184806
1|889|265418|0
0|888|146375283|247257
1|890|9628555|0
1|890|134571841|188354
1|890|263463|0
0|890|144619660|253680
1|891|9773504|0
1|891|141288663|164181
1|891|263104|0
0|891|145723058|224522
1|892|4152234|0
1|892|137681597|129429
1|892|206978|0
0|892|144516743|188609
1|893|6608793|0
1|893|156046808|172368
1|893|280336|0
0|893|169968101|249052
1|894|13661457|0
1|894|110732549|140838
1|894|207033|0
0|894|116556747|192121
1|895|5558218|0
1|895|113069873|128332
1|895|226229|0
0|895|119330314|173385
1|896|6025970|0
1|896|166153099|175875
1|896|286721|0
0|896|181509446|253442
1|897|15129510|0
1|897|124500052|142671
1|897|191505|0
0|897|131250679|196941
1|897|6465419|0
0|897|66007575|107645
1|897|67425966|82544
1|898|214695|0
1|898|109516897|171727
1|898|246645|0
0|897|126283649|229679
1|899|14920386|0
1|899|128196093|158487
1|899|229797|0
0|899|130895318|212633
1|899|2453488|0
1|899|47227333|51656
1|899|119533|0
0|899|51129887|72584
1|900|3655237|0
1|900|95488670|139829
1|900|226947|0
0|900|103337981|190306
1|901|7737850|0
1|901|133080569|165840
1|901|289885|0
0|901|140296728|222687
1|902|6983567|0
1|902|120117006|118351
1|902|262760|0
0|902|122594641|170780
1|903|2129507|0
1|903|142353445|156101
1|903|238121|0
0|903|159437351|211758
1|904|16846624|0
1|904|122677831|143966
1|904|228441|0
0|904|134626914|210944
1|905|11712456|0
1|905|121231147|119132
1|905|234037|0
0|905|129046366|172026
1|906|7657935|0
1|906|102074928|113933
1|906|218058|0
0|906|108630660|158647
1|907|6207859|0
0|907|187927127|223223
1|907|191080195|164363
1|908|407647|0
1|908|149327279|146951
1|908|263873|0
0|907|158319537|214952
1|909|5236308|0
1|909|126984638|132517
1|909|220542|0
0|909|133499511|187673
1|910|6251346|0
1|910|133325939|135473
1|910|292344|0
0|910|142475522|194289
1|911|8852830|0
1|911|176477899|139208
1|911|248691|0
0|911|196872645|203172
1|912|20195863|0
1|912|194755290|148246
1|912|367694|0
0|912|198985639|211647
1|913|3803515|0
1|913|200460859|198893
1|913|480678|0
0|913|202381017|258834
1|914|1452054|0
1|914|155748370|109232
1|914|287757|0
0|914|165432638|170711
1|914|9286903|0
1|914|157873725|141208
1|914|366239|0
0|914|169571942|199138
1|915|11354567|0
1|915|104547739|95426
1|915|266292|0
0|915|107972385|131332
1|916|3109234|0
1|916|140052974|99194
1|916|229737|0
0|916|140740704|148329
1|916|406148|0
1|916|197034828|182566
1|916|430800|0
0|916|201354930|255155
1|917|4009819|0
1|917|48704817|29679
1|917|140266|0
0|917|49819543|47041
1|918|745495|0
1|918|105364422|91753
1|918|289588|0
0|918|108006325|135596
1|919|2454009|0
0|919|188726086|232928
1|919|188480943|169371
1|919|446579|0
0|919|55591126|50249
1|919|57354871|32749
1|920|173131|0
1|920|153460956|158634
1|920|320121|0
0|919|159240454|227938
1|921|3369048|0
1|921|214665861|234779
0|921|215212955|306114
1|921|449628|0
1|922|176601|0
1|922|183317149|195521
1|922|390998|0
0|922|188216872|262418
1|923|4471433|0
1|923|174796128|154817
1|923|338017|0
0|923|178709647|225237
1|923|3495299|0
1|923|56035931|39196
1|923|163926|0
0|923|56882086|57294
1|924|465210|0
1|924|133442175|126485
1|924|273318|0
0|924|138021826|182619
1|925|4457166|0
1|925|162369636|165238
1|925|348389|0
0|925|169801721|228576
1|926|7100360|0
1|926|154935646|158074
1|926|329151|0
0|926|156337844|209926
1|927|1048769|0
1|927|129206842|106077
1|927|270552|0
0|927|136212672|163605
1|928|6669222|0
1|928|136010391|138743
0|928|136510233|184446
1|928|288680|0
1|929|233799|0
0|929|153784019|160321
1|929|154714121|102906
1|929|372605|0
0|929|133912949|191367
1|929|136564531|146263
1|930|392685|0
1|930|96934324|129685
1|930|268212|0
0|929|108043275|173113
1|931|6422124|0
0|931|192491375|281364
1|931|194095449|215491
1|932|466950|0
0|931|163817259|256928
1|932|167435103|202136
1|933|440336|0
1|933|135123963|173716
1|933|329735|0
0|932|151959550|232795
1|934|10510442|0
1|934|153171748|102758
1|934|214591|0
0|934|154031496|146651
1|934|397970|0
1|934|143164290|155152
1|934|277838|0
0|934|151068853|207997
1|935|7639156|0
1|935|111220641|123285
1|935|237610|0
0|935|122484538|170921
1|936|11031495|0
1|936|143664384|149143
1|936|321112|0
0|936|149023750|200485
1|937|5123429|0
1|937|207576664|201133
1|937|365226|0
0|937|214176948|269169
1|938|6185099|0
1|938|173539472|202570
1|938|329447|0
0|938|186907352|270450
1|939|13030453|0
1|939|155143617|130571
1|939|289164|0
0|939|157739992|187594
1|940|2235736|0
1|940|152513695|156482
1|940|276661|0
0|940|162999672|216454
1|941|10228971|0
1|941|125510175|118493
1|941|247204|0
0|941|134983658|171471
1|942|9172982|0
1|942|167417234|167709
1|942|286760|0
0|942|176545680|226076
1|943|8854896|0
1|943|157436160|177391
1|943|298755|0
0|943|174216869|252005
1|944|16519527|0
1|944|112218360|114082
1|944|235602|0
0|944|114194984|155544
1|945|1662817|0
1|945|137544396|89788
1|945|169502|0
0|945|143869433|138504
1|945|6089353|0
1|945|152720485|134296
1|945|289813|0
0|945|161868948|190710
1|946|8926484|0
1|946|141014395|161391
1|946|281620|0
0|946|147369369|218687
1|947|6075867|0
1|947|108459284|113972
1|947|207194|0
0|947|113922472|159441
1|948|5186663|0
1|948|126609765|140158
1|948|253496|0
0|948|136936232|195947
1|948|10088714|0
1|948|63344489|63079
1|948|156012|0
0|948|66110337|84492
1|949|2492885|0
1|949|167128357|182557
1|949|402008|0
0|949|172721277|245897
1|950|5356031|0
1|950|192032671|155536
1|950|361269|0
0|950|212464768|220595
1|951|20057773|0
1|951|169079460|171101
1|951|308948|0
0|951|174255405|231024
1|952|4813570|0
1|952|144693548|142769
1|952|268503|0
0|952|151413039|204377
1|953|6419452|0
1|953|90613147|67501
1|953|152688|0
0|953|91927520|98578
1|953|1051610|0
1|953|89458237|91830
1|953|196611|0
0|953|93465650|127004
1|954|3807797|0
1|954|101662208|99237
1|954|188166|0
0|954|106840189|148332
1|955|4988918|0
1|955|115243470|126691
1|955|259505|0
0|955|121926197|173954
1|956|6445552|0
1|956|164330419|145152
1|956|260570|0
0|956|173305370|216490
1|957|8743478|0
1|957|153938339|187501
1|957|333426|0
0|957|159517652|247695
1|958|5248956|0
1|958|142633392|163188
1|958|285951|0
0|958|145525585|225161
1|959|2590894|0
1|959|152076437|169793
1|959|335311|0
0|959|156474662|231707
1|960|4041387|0
1|960|117893419|123852
1|960|237776|0
0|960|125657712|171973
1|960|7484922|0
1|960|71455552|71807
1|960|167998|0
0|960|72878454|96906
1|961|1161248|0
1|961|106956369|129561
1|961|276098|0
0|961|114612632|181877
1|962|7464335|0
1|962|113998147|125574
1|962|258855|0
0|962|119972434|178244
1|963|5691038|0
1|963|136130386|114415
1|963|214435|0
0|963|146384898|167090
1|963|10010810|0
0|963|80371524|119623
1|963|82495268|88115
1|964|225609|0
1|964|166088825|182761
1|964|303417|0
0|963|178909825|245980
1|965|10247764|0
1|965|148647075|159784
1|965|259450|0
0|965|156019241|228934
1|966|7111469|0
1|966|113196118|141181
1|966|241910|0
0|966|118633107|189147
1|967|5101698|0
1|967|160719473|142616
1|967|249002|0
0|967|177305763|201016
1|968|17088997|0
1|968|195309486|183779
1|968|257929|0
0|968|201388199|244879
1|968|5592828|0
1|968|72583543|56849
1|968|162343|0
0|968|76369143|85902
1|969|3010848|0
1|969|107411797|126616
1|969|226026|0
0|969|112852403|174999
1|970|5274987|0
1|970|106304196|124755
1|970|223053|0
0|970|110789958|170042
1|971|4219694|0
1|971|133656539|113999
1|971|231053|0
0|971|145087617|177225
1|972|11249316|0
1|972|159890580|183315
1|972|292687|0
0|972|162387784|242114
1|973|2190888|0
1|973|116513597|107524
1|973|169563|0
0|973|123791110|159316
1|973|7028329|0
1|973|170046358|196500
1|973|359613|0
0|973|181812159|271650
1|974|11503527|0
1|974|51467794|45081
1|974|124281|0
0|974|54192217|67425
1|975|2435072|0
1|975|112967557|103237
1|975|203908|0
0|975|117888799|147583
1|975|4768731|0
1|975|85726062|118209
1|975|201890|0
0|975|95374600|160693
1|976|9491196|0
1|976|102207745|148915
1|976|257404|0
0|976|110286539|201298
1|977|7788760|0
1|977|145969019|160446
1|977|288477|0
0|977|149286861|225877
1|978|3040603|0
1|978|121058473|145026
1|978|255240|0
0|978|129179055|197715
1|979|7872488|0
1|979|153758431|166211
1|979|270603|0
0|979|169765622|237005
1|980|15708360|0
1|980|116226363|125591
1|980|223220|0
0|980|127473662|186389
1|981|10999047|0
1|981|127894087|140398
1|981|307680|0
0|981|151005956|194317
1|982|22806081|0
1|982|134832102|126906
1|982|265710|0
0|982|153359294|189048
1|983|18244892|0
1|983|131704419|131489
1|983|251656|0
0|983|144079443|185668
1|984|12094541|0
1|984|154687733|126732
1|984|256681|0
0|984|166969339|196233
1|985|12021042|0
1|985|140611871|172815
1|985|241992|0
0|985|148931150|224170
1|985|8125428|0
1|985|84329772|76206
1|985|188016|0
0|985|91556303|107441
1|986|6887539|0
1|986|175153617|215906
1|986|328909|0
0|986|195812629|288587
1|987|20591092|0
1|987|275483554|263863
1|987|463814|0
0|987|296516220|351649
1|987|20533942|0
0|987|104133798|101916
1|987|103788244|67630
1|988|350756|0
1|988|235924972|328591
1|988|532841|0
0|988|248122355|407543
1|988|11666237|0
1|988|92584635|27600
1|988|116836|0
0|988|95086622|59684
1|988|2133189|0
1|988|88343683|228
1|988|39831|0
1|988|72401744|173126
1|988|281075|0
0|988|167608569|228382
1|989|6660027|0
1|989|167096291|227541
1|989|341386|0
0|989|169130258|279236
1|989|1699378|0
1|989|71540021|20235
1|989|100350|0
0|989|72863908|43393
1|989|986392|0
1|989|100704199|31711
1|989|174725|0
0|989|103452009|72989
1|989|2632538|0
1|989|122251536|94335
1|989|268028|0
0|989|127247864|141475
1|990|4808731|0
1|990|259551259|341114
1|990|575490|0
0|990|273607786|432677
1|990|13636001|0
1|990|44108748|8994
1|990|35619|0
0|990|46957616|15020
1|990|2488476|0
1|990|61754372|20503
1|990|100526|0
0|990|63552447|44186
1|990|1739988|0
1|990|108737034|43621
1|990|169794|0
0|990|112616916|92138
1|990|3797217|0
1|990|103082903|803
1|990|129586764|355622
1|990|537529|0
0|990|260822605|436110
1|991|27792096|0
1|991|105295193|149765
1|991|244540|0
0|991|106056323|181473
1|991|335150|0
1|991|88181515|32326
1|991|163685|0
0|991|90069798|64723
1|991|1611609|0
1|991|65250042|22568
1|991|92759|0
0|991|67387780|47718
1|991|2033931|0
1|991|92479555|29485
1|991|155793|0
0|991|97691588|71320
1|991|5125513|0
1|991|121371918|883
1|991|174518405|461115
1|991|777307|0
0|991|307599288|568108
1|992|16062106|0
1|992|131859262|102102
1|992|257115|0
0|992|143743518|156197
1|992|6526186|0
1|992|199987965|72969
1|992|253049|0
0|992|209898060|135888
1|993|9719983|0
0|993|154568330|153471
1|993|155026306|110864
1|993|281652|0
1|993|272343614|200453
1|993|426692|0
0|993|280207863|317716
1|993|6803929|0
1|993|29897193|11556
1|993|65089|0
0|993|31531802|22201
1|994|1197122|0
1|994|110929900|106604
1|994|256782|0
0|994|114452450|155914
1|995|3430057|0
1|995|142004784|131758
1|995|267556|0
0|995|149280697|193887
1|996|7005790|0
1|996|143915232|135091
1|996|253328|0
0|996|152816500|205257
1|997|8670759|0
1|997|88895118|88820
1|997|184651|0
0|997|93527617|127340
1|998|4375325|0
1|998|114326575|99869
1|998|227842|0
0|998|118388784|149215
1|999|3790402|0
1|999|130413755|110824
1|999|223687|0
0|999|137433884|171431
1|1000|6803911|0
1|1000|87402595|98583
1|1000|225884|0
0|1000|95281446|153702
