4|0|13513143416|910559|870934
14|0|13504031910|883713|838406
2|0|13481264458|880781|838230
3|0|13476506208|966913|926531
10|0|13456323422|889242|837809
22|0|13567548804|896697|860583
27|0|13537674025|917197|878816
13|0|13504062849|856106|821681
24|0|13535715173|858201|817789
11|0|13385813012|943631|897911
0|0|13546455046|893394|842949
7|0|13523576997|967858|926080
15|0|13557809609|935328|890031
5|0|13469651601|829965|706036
9|0|13499623830|880623|832397
12|0|13513361038|893822|849952
8|0|13552817843|890431|852148
6|0|13494248925|841880|794493
1|0|13367422789|881014|830501
28|0|13376161899|876342|837830
26|0|13464509658|835879|783804
21|0|13522036632|880376|840202
16|0|13520379910|853573|810528
25|0|13566088921|876438|835736
30|0|13526803022|867024|820436
17|0|13505361096|851827|790999
20|0|13513030376|861494|809066
29|0|13545203351|869433|816065
18|0|13547111242|875107|747220
23|0|13518020363|916923|515915
31|0|13498120195|903122|851641
19|0|13489311466|929364|887868
14|1|3697792192|312009|275914
10|1|3697738840|328937|282195
9|1|3697210234|306080|265658
1|1|3697099484|319401|274432
18|1|3693478828|307683|263700
25|1|3696643255|313036|269926
15|1|3697825858|310981|272384
12|1|3697570830|323281|292577
0|1|3698217606|348411|282280
2|1|3698404870|356882|323545
13|1|3698377888|268847|236907
22|1|3698482066|336476|297049
4|1|3698636255|323752|276910
6|1|3698003884|283337|239961
3|1|3698713800|350726|311458
31|1|3692855325|315085|253884
7|1|3698532938|334718|298610
11|1|3698718125|325796|291435
8|1|3698164399|326071|291422
29|1|3695462626|304018|263546
30|1|3697438862|310402|257130
26|1|3697828727|302394|266094
5|1|3698572742|299626|240345
21|1|3698175493|285605|231075
28|1|3698438871|320612|290341
24|1|3699812381|350355|319288
19|1|3693067794|331632|287314
23|1|3695405940|300964|268293
27|1|3700848329|352230|322311
17|1|3699254063|285246|249858
16|1|3700984136|292803|251717
20|1|3700472212|296628|262234
9|2|1983188173|164543|128811
19|2|1981319734|188497|163526
14|2|1983529462|167627|140607
21|2|1981882433|165775|134094
8|2|1982568415|179454|155836
16|2|1979330864|171560|146004
24|2|1981753276|183226|149956
31|2|1982967648|174139|151083
30|2|1982696283|176494|151689
25|2|1983757206|184141|160637
17|2|1980801218|165513|136150
3|2|1983216906|188563|166492
12|2|1983747417|182788|161500
0|2|1983714720|185376|161116
10|2|1984235727|188374|166268
11|2|1983314141|190803|169085
4|2|1983608515|187959|162215
29|2|1983444431|176039|148808
23|2|1982308922|167998|133155
20|2|1979339997|181786|153022
27|2|1981544011|176973|152129
1|2|1984680115|173445|144530
18|2|1984695090|179961|155124
28|2|1983284486|169543|133978
6|2|1984447701|182234|154942
22|2|1984798331|175136|138269
2|2|1985036272|182515|159805
5|2|1985198545|175003|130018
7|2|1985564838|180022|151727
26|2|1985967149|175198|148060
15|2|1988016626|191862|166217
13|2|1992127224|158407|136583
6|3|3937822320|352854|323106
24|3|3939346621|346542|310496
23|3|3938604469|365678|335127
1|3|3938536150|369164|337420
30|3|3939316905|326425|296637
19|3|3939819450|359487|322540
28|3|3938182956|333569|293004
2|3|3937708863|341494|292878
8|3|3939737899|314973|277627
29|3|3938921391|312739|252300
17|3|3939539922|330712|248357
22|3|3938075582|338698|301442
14|3|3940189475|346997|303917
20|3|3939116669|337344|306499
25|3|3939882264|329047|283953
12|3|3939704580|357566|314033
27|3|3939249690|337103|295293
26|3|3936819859|328217|276611
16|3|3940266162|334743|302595
11|3|3939923038|361085|320203
15|3|3935911789|351489|304966
5|3|3937780269|318061|231564
31|3|3940416365|357048|324708
10|3|3940100865|348597|314781
3|3|3940325506|382108|328639
18|3|3939684519|331873|295253
7|3|3938064027|369080|320420
13|3|3931860068|293524|252841
4|3|3940280985|349352|314070
0|3|3940470573|366841|331492
9|3|3941577899|360747|322773
21|3|3943333446|326005|272205
31|4|4598192041|380280|321771
22|4|4598909055|389171|334853
11|4|4598272706|378781|327681
27|4|4598622349|377762|320551
30|4|4599290584|365643|308548
16|4|4598508828|327516|241826
18|4|4598164293|341930|268124
23|4|4599431346|401108|335840
26|4|4598621615|310878|257372
21|4|4595854043|360819|291440
24|4|4599743223|397691|339043
4|4|4598360888|414237|356352
12|4|4599182841|382893|305730
13|4|4598511381|311466|237285
10|4|4598947406|366572|307359
15|4|4599131856|359059|296660
28|4|4600068485|320456|243235
19|4|4600141809|410304|358414
7|4|4598906565|355175|293139
6|4|4600326938|347365|289003
0|4|4598943746|374192|315912
5|4|4599357573|344141|269197
20|4|4600084246|370095|317535
25|4|4600156750|338146|275745
3|4|4599603161|395550|336498
8|4|4600685422|348561|294184
1|4|4600844324|344044|265346
29|4|4601099154|356925|281685
2|4|4601375520|391437|330268
14|4|4601253163|334986|270175
9|4|4602750127|378837|311666
17|4|4609542770|325786|237411
14|5|5280952187|461909|416144
9|5|5278351619|448475|387835
12|5|5282929448|468296|424327
4|5|5282965146|492882|436013
16|5|5283600306|419050|325434
22|5|5283743783|457658|374584
2|5|5281531385|458329|405314
6|5|5282753583|419683|369956
28|5|5283055874|443919|390684
0|5|5282839283|503301|458019
26|5|5283889569|428299|360116
29|5|5282459368|417709|361095
10|5|5283798409|452268|378149
27|5|5284517161|478257|435521
20|5|5283278722|462390|418157
8|5|5283066858|476273|422713
31|5|5284630200|491136|438760
21|5|5284409006|437951|362639
19|5|5283732487|447835|397058
1|5|5283112028|443524|383593
15|5|5284000789|470879|420908
18|5|5284780773|461009|408678
5|5|5283983005|422875|351501
25|5|5284159211|386308|306405
24|5|5285244232|445563|393330
11|5|5285960194|489863|447185
17|5|5275793909|394479|287683
7|5|5285980055|502132|452999
3|5|5286554304|531240|490313
23|5|5287988698|452065|395899
13|5|5289155962|438609|392052
30|5|5299426731|423860|337867
7|6|3503517255|280798|240699
10|6|3505905684|287149|246056
21|6|3506037067|260736|189991
31|6|3506293861|282096|244882
25|6|3505337821|241047|169788
15|6|3506112020|296887|254965
0|6|3507203895|280338|234592
24|6|3505519870|274534|228540
27|6|3506791386|295840|252509
30|6|3491872155|246573|179684
12|6|3508162865|303508|266006
19|6|3506973149|305730|268600
2|6|3507961603|270200|227049
16|6|3508212696|275994|238040
18|6|3507397686|285958|245409
23|6|3504167561|273881|231380
11|6|3506373376|256210|203082
5|6|3507308085|249147|180613
14|6|3509051879|282571|240149
13|6|3502637299|228622|184109
8|6|3507845990|292985|252966
22|6|3508822269|294038|260602
20|6|3507955942|251451|212360
6|6|3508802592|246981|199850
28|6|3508664438|269996|221248
3|6|3504571068|274955|225997
4|6|3509184052|291595|248073
29|6|3508266273|282903|244736
17|6|3506395118|276084|234592
26|6|3508985503|296643|263722
1|6|3508696206|266460|225139
9|6|3511021967|281588|244607
21|7|2914945938|234203|175425
27|7|2914223396|236149|185289
10|7|2915119480|263816|219823
15|7|2914667959|275642|232994
26|7|2912640808|228011|176303
24|7|2914530543|241484|189825
2|7|2913961552|260525|213535
11|7|2913420464|233354|177299
22|7|2913240589|246883|202004
3|7|2913129821|272072|227263
19|7|2914289441|261767|217660
18|7|2913719537|240995|188667
17|7|2913315152|257095|211344
9|7|2911694431|244771|191113
6|7|2913569629|255472|211700
29|7|2913468539|232135|164482
13|7|2913763448|220881|169793
20|7|2913731105|249958|198937
4|7|2913649009|259614|216689
23|7|2914062768|237946|189741
25|7|2915393722|240945|182713
30|7|2915023227|233082|172585
12|7|2914989317|244006|193371
31|7|2915704296|249548|203139
7|7|2916490365|246816|198763
0|7|2915873745|255078|194849
8|7|2915623186|251849|207882
16|7|2916407082|225541|180267
14|7|2916856110|224861|176614
1|7|2922980041|233259|185593
5|7|2925900774|225561|177781
28|7|2927800677|245918|203711
4|8|4273977131|398841|354996
13|8|4274109970|379599|341323
9|8|4274359758|407840|363454
3|8|4274687045|429550|382521
10|8|4274842035|420249|378666
0|8|4273663354|416389|360423
29|8|4274707831|402223|348990
31|8|4274282069|392366|330316
30|8|4274521426|370062|325334
20|8|4274911186|411595|368272
19|8|4275302930|403465|363769
6|8|4275109124|400028|351581
5|8|4263076098|364382|284105
14|8|4272163319|370697|303152
26|8|4275789607|416433|377924
12|8|4274898385|400238|362466
27|8|4275857306|412961|372025
11|8|4275794928|370662|308225
8|8|4273554098|389944|347525
17|8|4276049521|371196|316850
23|8|4275770962|412164|366264
16|8|4273787145|389560|329773
28|8|4261734856|375131|316855
15|8|4276462470|425140|385136
2|8|4276505361|400996|360415
22|8|4276566636|388129|341850
21|8|4277022083|376549|313589
7|8|4275800736|406107|351866
25|8|4276451974|362522|295424
1|8|4266758832|371152|296649
18|8|4277778916|398568|351107
24|8|4282854379|418391|378173
3|9|3382700574|300287|253161
8|9|3381735359|239837|193446
20|9|3382198646|265614|222925
18|9|3379615071|251125|205732
28|9|3381299705|247679|199712
22|9|3381113966|259267|211414
21|9|3380895213|244476|189617
19|9|3382347368|269222|225795
14|9|3382229729|272128|229606
29|9|3382906450|236340|176877
23|9|3381731533|284425|245512
7|9|3381112863|264619|222696
12|9|3382444159|265853|217901
13|9|3383683021|230359|189285
1|9|3380894679|269235|228003
4|9|3383754065|248834|203862
15|9|3381924974|277047|237450
9|9|3383568481|265342|218394
0|9|3383445183|271337|228234
11|9|3382626419|242485|196837
25|9|3381402780|243714|178332
26|9|3382758599|253659|216442
2|9|3382254371|255891|206784
10|9|3383878827|252849|197919
17|9|3382454339|232219|175402
16|9|3383224384|237370|187556
6|9|3384338982|283955|249038
27|9|3384158641|263776|212512
24|9|3377228449|274601|223316
5|9|3384946800|224012|157731
31|9|3386925081|261159|212163
30|9|3393826830|235598|195738
4|10|3744557779|308636|273417
9|10|3744546520|323787|281842
12|10|3744731238|340461|307126
25|10|3744675798|326390|294339
18|10|3745495425|330966|295943
31|10|3741132271|320526|282486
15|10|3745013499|338657|302343
19|10|3745484984|335655|299437
13|10|3745268005|298701|265183
22|10|3745775778|316858|283758
23|10|3745481971|342665|311318
24|10|3743532294|309605|275313
10|10|3744903340|337561|299924
30|10|3734903356|308268|254569
2|10|3745312945|316325|259701
11|10|3745604486|312886|257067
17|10|3745314211|275356|188156
6|10|3744352021|323922|287191
7|10|3746294252|348171|313266
3|10|3746825627|367682|339991
8|10|3746831494|334992|301344
21|10|3746749776|307177|265636
14|10|3746709034|333186|283854
1|10|3746386309|342728|307771
0|10|3746327893|329461|292838
26|10|3746701740|317416|268094
27|10|3745444239|351186|323404
28|10|3747819938|319803|289509
16|10|3746137864|295209|244219
20|10|3748367439|323776|292971
5|10|3745882779|289483|234855
29|10|3750961376|290648|254021
20|11|2953311697|255673|213569
25|11|2956195705|219422|180363
1|11|2954751204|247870|215536
0|11|2954716865|273009|242217
21|11|2954945839|247743|206794
3|11|2955082435|279832|248510
28|11|2954018100|236685|200920
8|11|2955109562|258490|226359
26|11|2954420392|251134|201308
23|11|2956061866|250272|211113
22|11|2956075836|247234|188821
19|11|2956272640|273279|237352
30|11|2955644076|241761|210165
6|11|2955507313|243261|205203
9|11|2956839763|242383|201222
14|11|2955159999|242740|207745
31|11|2956661783|256223|222491
7|11|2955579545|249990|213270
11|11|2955941905|252444|216220
15|11|2956645487|237060|203172
16|11|2954305926|207710|175587
4|11|2957259445|255470|220765
12|11|2957241837|253229|219372
13|11|2956654432|188303|149838
27|11|2954929498|259529|221215
18|11|2957150975|222997|183122
5|11|2953918605|240284|178475
17|11|2956258868|226163|173915
10|11|2956701264|264723|229910
2|11|2956507155|260749|218905
29|11|2951712278|224158|180225
24|11|2957381757|244906|205831
10|12|4057601093|296543|246140
29|12|4057251073|275937|225569
31|12|4058325728|311443|264175
4|12|4058142749|318203|264227
5|12|4058135999|292765|190088
8|12|4059178664|330761|279020
20|12|4059436572|305967|264597
24|12|4058071025|294263|241421
7|12|4059291420|310760|255704
12|12|4059149122|314366|269600
26|12|4059800093|307217|265331
19|12|4060305652|315476|269503
25|12|4060616160|311911|264275
2|12|4059669103|321541|278379
23|12|4060600582|304282|251125
9|12|4060861575|287241|214325
14|12|4061443076|287979|226344
11|12|4061234965|311255|252182
16|12|4061218103|275452|221282
21|12|4062113951|278371|209085
15|12|4061757450|311820|267684
17|12|4061464080|243156|175900
28|12|4062393372|309791|268497
0|12|4062616704|315609|266439
27|12|4061839903|300583|243113
18|12|4062051810|280107|232697
22|12|4062821694|307801|252270
13|12|4062764222|257477|196596
1|12|4063628624|279298|208000
3|12|4063787196|305502|250339
6|12|4065626950|271039|219660
30|12|4066111574|299877|254311
14|13|5829323558|358910|293649
24|13|5831505347|405446|347529
30|13|5824783358|341527|278177
27|13|5828494261|380959|328027
23|13|5830404485|400233|334327
29|13|5832511692|362085|301494
10|13|5832750586|390857|333915
17|13|5828915000|350879|281211
9|13|5830319005|395072|325563
12|13|5831671067|380729|302083
18|13|5828616607|335796|267814
7|13|5831776540|405130|338202
31|13|5833031753|376556|315266
28|13|5829426277|376051|318549
11|13|5830144924|371097|316872
19|13|5831434720|420701|365335
22|13|5828975528|417820|343473
15|13|5829730483|402266|346188
8|13|5832732004|395833|338023
13|13|5828637821|340276|283835
26|13|5832290455|395400|347215
21|13|5830088925|361849|302573
20|13|5833041063|385060|325250
16|13|5830689986|360381|299636
5|13|5833430571|418609|253403
6|13|5826655446|338263|278532
0|13|5830034351|402523|341578
1|13|5829206575|410733|346991
2|13|5832183009|399947|348629
4|13|5834408208|411030|346810
25|13|5832853319|380028|307347
3|13|5830549307|430765|368616
0|14|3061761176|268157|215753
2|14|3061445436|264529|218558
3|14|3060198166|272696|228597
12|14|3063078356|270951|235355
15|14|3062572074|255684|206327
27|14|3063441653|250258|205753
9|14|3063231945|259451|201476
1|14|3062026087|219342|162536
31|14|3063058933|253576|213478
21|14|3062640790|240919|191433
29|14|3063635087|249090|199990
7|14|3063341702|270903|203193
22|14|3063101610|259066|220151
24|14|3063982580|274356|235674
25|14|3061734964|249023|192246
10|14|3063812750|273920|233879
23|14|3064008003|251130|210006
4|14|3062078293|262788|220211
11|14|3063399732|285862|250837
8|14|3063323151|282559|245723
18|14|3063842326|237892|201922
26|14|3063183676|246296|208824
14|14|3064475874|251384|208176
5|14|3063126251|250803|203817
16|14|3063243240|264175|223793
20|14|3063367247|268177|233138
19|14|3063946344|268078|224930
28|14|3064308571|236388|189363
30|14|3065398267|252549|207783
6|14|3064789240|254379|214002
13|14|3065220916|243845|194679
17|14|3067721349|247000|208069
4|15|2577491061|256018|232981
25|15|2577701705|212293|173890
15|15|2578182418|229393|199115
11|15|2577504686|232770|199799
26|15|2577392211|206674|174541
9|15|2578095143|215150|174055
0|15|2578524485|250822|225003
27|15|2578271346|186765|156563
16|15|2577159895|218042|188738
19|15|2577194835|231134|200216
8|15|2577725023|223455|189479
2|15|2578676221|239450|190898
13|15|2575839253|216106|178382
10|15|2578145165|235081|206481
21|15|2578395794|229490|186743
5|15|2577842718|205456|150011
14|15|2577958427|199794|161369
6|15|2576212753|211628|170867
18|15|2578186313|208773|178502
31|15|2578717679|238991|210402
24|15|2578805775|234122|204078
12|15|2579725511|206113|177717
3|15|2579795539|232213|194390
17|15|2575407402|194530|151477
22|15|2579402582|214831|186361
7|15|2579604705|233808|196242
30|15|2578115816|218023|182311
1|15|2580096980|221988|183619
29|15|2579998355|221009|187272
20|15|2579157144|221329|192784
28|15|2579323004|215686|186471
23|15|2584031176|208903|180570
5|16|3445298090|246053|191136
24|16|3444902373|281530|252268
23|16|3439543885|253266|214761
21|16|3445499513|248234|175924
25|16|3445985999|244418|196571
22|16|3444319078|269730|234274
17|16|3444490831|266952|226332
9|16|3446067261|259886|210148
14|16|3445524717|229868|191537
28|16|3443585976|263404|227327
26|16|3446490149|217619|163593
15|16|3446539776|250619|202862
10|16|3446158281|281760|249524
19|16|3446381365|271242|234420
11|16|3446684996|265584|229941
8|16|3446469354|261691|226964
29|16|3444720124|243474|186928
16|16|3446764310|226804|185059
12|16|3445469262|246074|208579
2|16|3446677069|267278|224549
7|16|3445336252|260065|219220
30|16|3445270064|249091|214736
6|16|3446376431|261557|221394
0|16|3447083713|267600|222771
3|16|3445676218|262441|228063
1|16|3445485056|266228|222723
13|16|3447183636|245282|206342
4|16|3447665289|264887|224947
31|16|3446914821|263029|223519
27|16|3447702633|254200|201232
18|16|3447088748|228271|187545
20|16|3449064285|243645|203833
0|17|2676461445|207512|169532
26|17|2677111041|186472|147246
7|17|2676615321|237805|199016
21|17|2677645926|187163|150917
18|17|2675871034|215276|176088
19|17|2677020565|242530|206163
10|17|2677071720|237931|199992
4|17|2676121593|240097|203475
11|17|2677069584|231537|196230
8|17|2677045133|237377|202078
28|17|2677563867|226927|182326
3|17|2676642763|231336|195415
9|17|2677741014|236228|195475
12|17|2676903571|230193|192712
31|17|2676202671|239393|205181
30|17|2676837861|212475|178658
5|17|2677981193|169217|133201
2|17|2676971759|231923|192759
27|17|2676189370|206476|163225
25|17|2677977662|209097|169814
29|17|2677194864|215286|164089
15|17|2677556824|208843|171084
1|17|2676608648|190164|140063
17|17|2678053089|213247|169339
14|17|2678014157|220586|182631
20|17|2673295314|233081|178452
23|17|2678565263|205937|172366
24|17|2678831928|227506|192354
6|17|2678034176|217628|182973
13|17|2677807417|226705|192813
22|17|2679924460|218562|178669
16|17|2679593354|204269|168571
0|18|2973803651|255957|212837
15|18|2973366211|267783|231175
7|18|2973766158|225076|192478
13|18|2972158877|245528|200957
19|18|2973816007|291997|262171
24|18|2972751903|234831|201868
3|18|2973808742|252986|204796
8|18|2973950960|275112|243301
31|18|2973851877|292841|243983
25|18|2973894104|239063|200420
11|18|2974210596|264300|230920
30|18|2974081781|283312|256285
17|18|2973858147|251439|198694
20|18|2973590977|241139|210843
16|18|2971738886|254827|221997
22|18|2972269360|278074|242955
6|18|2973090046|204576|167115
9|18|2974385731|275146|241038
28|18|2974615389|283034|257990
14|18|2974191096|229079|189755
10|18|2974795110|259806|219113
4|18|2974914916|283307|257456
23|18|2974228619|274019|246540
29|18|2974772643|281862|251176
2|18|2974869398|265676|220050
5|18|2974909727|239246|188608
26|18|2975303541|274798|248821
18|18|2975343174|281183|251211
12|18|2975460666|274603|243708
21|18|2977475458|251534|217204
1|18|2977593628|255422|223170
27|18|2978243893|298593|271283
13|19|3548949444|267523|232687
8|19|3548753824|260494|222402
11|19|3548522982|280834|248900
22|19|3548312326|249635|212559
14|19|3548188874|254556|219545
7|19|3549175650|253506|214676
19|19|3549120094|280680|250084
26|19|3547727049|241280|203107
0|19|3549217319|267158|225137
1|19|3544992048|255866|210870
24|19|3549283074|232457|170168
3|19|3549208009|264817|220330
6|19|3548689043|263386|226725
18|19|3547867518|240276|202070
15|19|3549490196|269993|233649
20|19|3548919764|249497|206102
31|19|3549238085|253949|211396
2|19|3548217191|263022|215217
10|19|3548607526|263367|220228
12|19|3547807801|250327|212207
9|19|3548920920|263149|224562
4|19|3548567503|256229|211272
21|19|3546075048|255847|184698
27|19|3545026008|259600|215995
16|19|3549071953|257891|222202
17|19|3549368230|255310|216495
25|19|3549641062|246830|204559
29|19|3548735783|249015|192923
30|19|3549554729|255946|218600
23|19|3549183722|240757|203628
5|19|3549643306|231467|171443
28|19|3550165893|235753|178116
30|20|5583461900|360643|277180
0|20|5584429839|426073|353229
14|20|5584716554|394933|299935
4|20|5584335012|368568|288863
19|20|5585033451|442619|359544
12|20|5584857554|418022|340644
8|20|5585526723|396911|317769
2|20|5585041525|424128|354930
27|20|5584943578|400688|327816
31|20|5585315770|415559|347437
29|20|5584797369|348150|242818
6|20|5585522911|383356|306622
13|20|5586023037|387389|313688
15|20|5585613518|401323|319360
16|20|5585349524|373637|306799
9|20|5585514829|400106|295186
18|20|5585830585|390004|296365
25|20|5585264363|372224|270552
7|20|5586197270|439607|369318
1|20|5586285576|414443|334864
10|20|5585926064|415981|351585
22|20|5586586854|346807|264474
26|20|5586535097|360123|281359
5|20|5584860770|375713|284808
24|20|5586858349|372552|294157
17|20|5586511232|366302|273604
11|20|5587478086|382155|315500
20|20|5587027377|363218|280495
28|20|5586226465|345346|259027
23|20|5587483962|358869|251229
21|20|5588221313|394405|309668
3|20|5588721341|405389|311973
15|21|5103529095|410762|349103
16|21|5103460517|384022|319078
22|21|5103005310|365193|283877
5|21|5102780466|361716|274096
10|21|5103060783|424808|348424
0|21|5105129166|442490|381883
7|21|5103425224|408314|342644
12|21|5104346006|408825|342997
29|21|5104079721|391153|330392
1|21|5103558696|379042|316114
21|21|5101111187|352224|260100
18|21|5103914139|404884|330748
27|21|5104468325|427241|367992
23|21|5101247773|401566|328412
30|21|5105889939|379662|309240
20|21|5102930984|397324|319489
2|21|5104999162|401398|342295
31|21|5104821913|385662|312652
8|21|5105144886|379603|313856
19|21|5105475888|420815|355866
25|21|5104446789|380635|298077
26|21|5104241343|360229|279296
3|21|5101985530|417286|333070
14|21|5106301776|390665|331898
6|21|5105272715|371232|298076
13|21|5105512874|343774|274526
4|21|5106911662|425742|365717
24|21|5105124324|382532|322415
28|21|5104088127|388377|329763
11|21|5108026437|366813|298304
9|21|5112192189|396631|319352
17|21|5112097982|348835|258073
3|22|3008301022|254086|219723
1|22|3009329897|219611|182305
2|22|3008860667|268052|224165
8|22|3008814973|230678|196132
17|22|2999980713|225335|165311
24|22|3007266153|197233|159889
7|22|3009900348|253698|222339
5|22|3010066184|226241|170761
23|22|3009542234|238920|205956
31|22|3009121577|250781|214471
6|22|3008655660|239073|204272
9|22|3001492901|226980|166727
13|22|3008484882|226765|188676
27|22|3009892240|251495|223622
30|22|3009702278|232918|191266
26|22|3009160148|230892|188765
21|22|3010053795|238540|189005
10|22|3010528140|241732|208385
16|22|3010629031|234407|199305
0|22|3010506745|249518|218263
14|22|3009184536|230250|182387
18|22|3010354095|233341|197358
22|22|3010967320|234803|202228
25|22|3009943425|223342|181364
12|22|3011069424|250191|217274
15|22|3011443130|246091|214032
20|22|3010761386|209141|177016
28|22|3008952982|226821|193630
11|22|3006296397|225130|172894
29|22|3011952345|209732|165272
19|22|3011976510|249866|216947
4|22|3011249182|262558|229717
15|23|3848741228|342292|303043
6|23|3849950008|303773|263244
28|23|3848556546|328246|284429
26|23|3849820936|340274|307641
31|23|3850205420|324627|285992
10|23|3849755448|303141|253885
14|23|3849648840|316109|266853
2|23|3850661701|320481|274027
13|23|3850158497|321740|287849
3|23|3850824410|345670|283890
25|23|3849580926|307391|269363
27|23|3850211383|325968|286754
7|23|3850686927|343821|292973
8|23|3850944455|326746|288185
0|23|3850228570|348351|313479
12|23|3849602996|327012|289922
11|23|3848773633|324881|281747
9|23|3850720985|308058|265386
4|23|3847385585|336640|294881
21|23|3850456186|293449|239841
30|23|3850532063|315079|276884
1|23|3851317198|317681|264500
29|23|3849021579|290034|225724
17|23|3851433678|317837|249759
5|23|3851239660|306564|257292
16|23|3850913912|335669|300659
20|23|3850095849|283635|214716
18|23|3850771682|310337|263252
23|23|3852008286|288984|224717
24|23|3854259497|313846|277261
19|23|3853175941|331174|275742
22|23|3859964829|349502|317315
12|24|5139680434|410350|336718
29|24|5139408996|404997|368054
11|24|5139732177|387841|334746
25|24|5140221679|380090|321199
27|24|5140305545|394924|348884
7|24|5140260399|437224|384764
0|24|5140268757|425833|373682
30|24|5140166132|368286|325609
10|24|5140930388|407863|348253
24|24|5137204288|419390|379959
9|24|5140498699|400640|322846
19|24|5135278409|409550|352537
31|24|5141240138|450206|413863
28|24|5141381038|384427|342837
15|24|5141512935|396664|353546
22|24|5130752933|421708|353924
1|24|5140618462|403395|341975
20|24|5140068586|347875|292354
2|24|5141263345|409393|331861
21|24|5140753781|408090|361621
6|24|5141755870|360771|315335
23|24|5139861217|339100|292914
13|24|5141486827|382920|325908
26|24|5141805494|378677|319974
18|24|5140479210|445849|405632
17|24|5141249491|342565|274576
5|24|5141307739|388025|277968
14|24|5142466861|398372|349146
3|24|5142431050|444345|404081
4|24|5142487021|440312|389787
16|24|5142151258|400168|344186
8|24|5145249151|390058|327852
4|25|4486143454|304927|243806
31|25|4488206480|296341|245964
18|25|4488428048|283000|238399
14|25|4487930498|281084|229652
12|25|4490214152|291809|248498
7|25|4489791956|302558|247318
0|25|4489675506|330596|286963
24|25|4489401575|265468|218899
2|25|4489286586|313400|269651
19|25|4489559170|295383|235594
5|25|4488667212|285816|175483
29|25|4490946891|296758|254487
3|25|4488712376|318199|268047
13|25|4489821675|260834|209112
9|25|4490379887|271156|226587
21|25|4490158644|278483|230931
10|25|4490630286|302611|252487
27|25|4491100707|260586|195588
20|25|4490850920|253541|198648
30|25|4491398787|250316|198355
6|25|4490709416|257862|202511
22|25|4491608024|288976|239196
25|25|4492587266|271792|221124
23|25|4491804077|269134|222652
16|25|4490341009|293957|253858
1|25|4492728707|277205|228397
15|25|4492887409|255641|204677
17|25|4492348792|268487|212052
26|25|4493030458|260615|203186
28|25|4494180714|279051|223211
11|25|4495972414|288510|245668
8|25|4495921384|252052|192576
25|26|4134024578|253212|199291
23|26|4133978258|284613|241783
15|26|4133227753|274214|208361
8|26|4125817714|276205|222994
18|26|4137181220|270805|213160
24|26|4136981780|268260|216719
12|26|4137085537|295846|245267
11|26|4131227306|246073|194456
21|26|4135990249|255232|190552
6|26|4135282259|282624|230032
5|26|4136624514|273339|184136
9|26|4136119497|267628|207778
22|26|4134672873|273056|224762
13|26|4136187374|293261|248355
17|26|4133149918|269944|218462
4|26|4138435585|297087|248165
16|26|4134051045|254230|204470
10|26|4136139890|260357|204568
29|26|4136483189|257470|202969
3|26|4136372503|308502|259865
20|26|4135550375|273396|213324
2|26|4137057221|291007|239261
7|26|4137446371|286007|231858
14|26|4137633904|260287|206276
26|26|4133828176|241880|191557
1|26|4134623737|281027|232808
27|26|4137212079|259944|203545
19|26|4138373776|283535|224624
0|26|4139772529|302487|253177
30|26|4141617802|255224|208386
28|26|4140906106|232527|176913
31|26|4147474610|302849|239419
15|27|5784885342|547718|489532
21|27|5784795496|501457|435194
31|27|5775599114|511905|444444
24|27|5785074059|528116|459509
10|27|5785031006|540354|494482
17|27|5785238436|527720|483077
19|27|5783825650|554309|507130
23|27|5785550238|564409|519440
25|27|5786011847|468431|417496
3|27|5785375080|514462|445382
7|27|5785381994|583126|537661
6|27|5785756800|518967|460734
22|27|5785883468|494251|444970
18|27|5786125760|532642|481763
11|27|5786069773|547244|498689
0|27|5783391315|524567|466690
14|27|5785662166|502193|424694
28|27|5777390755|498463|442775
13|27|5786224864|522283|459946
8|27|5786462680|520271|458201
26|27|5785303784|514516|464906
4|27|5786264724|550706|493831
16|27|5786370671|496183|440091
20|27|5786322724|446990|386378
1|27|5785464976|466609|417718
9|27|5786621243|524956|427398
12|27|5786864864|531610|488297
5|27|5786905604|467425|379426
29|27|5787002289|502220|447057
27|27|5786425109|455297|317997
30|27|5781666382|458369|391879
2|27|5787973922|531096|466086
18|28|2309500960|157684|117209
25|28|2310540802|172784|141512
20|28|2309584018|173549|138472
3|28|2310941109|186922|154879
2|28|2308846942|190048|141468
7|28|2311442708|191524|161982
19|28|2311754159|188183|159165
21|28|2312493836|180322|148708
16|28|2310802580|180318|151163
13|28|2311087684|195185|167013
31|28|2312523595|188570|160610
28|28|2311275059|173574|142726
27|28|2309730446|167191|134588
12|28|2311086183|181851|151222
15|28|2313359600|202972|178214
30|28|2310288452|153861|117533
10|28|2313229030|194320|156030
17|28|2313095568|162066|117589
8|28|2312366079|199228|168771
22|28|2312968674|156445|129306
14|28|2312758185|159689|127442
4|28|2312571873|188407|154523
24|28|2313986022|188572|155849
26|28|2312920328|181723|147481
0|28|2313668048|164017|132351
29|28|2312595794|160813|119313
23|28|2314656615|159024|124757
6|28|2314695912|185063|154864
1|28|2314108077|189679|157411
11|28|2315276834|188013|156157
5|28|2315290607|159687|111837
9|28|2316311662|163278|126037
2|29|3445700895|313972|268977
22|29|3443902315|306341|263110
23|29|3442729551|297190|254884
27|29|3445300005|301576|255896
26|29|3443533218|251592|208781
31|29|3445406405|292463|220056
3|29|3446322997|303025|259347
14|29|3444167086|241114|194066
0|29|3443377035|267395|219280
29|29|3443428557|272244|217085
21|29|3445962784|279213|219015
11|29|3442186290|288797|239733
6|29|3443061606|276202|225064
17|29|3445116535|270286|205705
30|29|3445357956|273077|229039
28|29|3446298109|244243|198097
19|29|3446673756|303796|262431
1|29|3443246323|296260|231443
25|29|3447860842|287355|246079
8|29|3445442799|302631|262143
4|29|3445201880|264702|217825
20|29|3448100984|244098|203001
24|29|3445490160|290598|248090
15|29|3446405358|301000|257318
12|29|3446862946|267993|225201
13|29|3447383592|297713|242567
9|29|3441826263|314742|259751
10|29|3446413783|299871|256944
5|29|3442594278|261713|205297
18|29|3449440848|315140|254027
16|29|3447958256|254047|215766
7|29|3450138223|298534|256574
17|30|2957011295|206620|147477
21|30|2957327081|221789|169458
27|30|2957754811|223734|190324
9|30|2955818163|234543|192720
4|30|2956549465|246419|197380
28|30|2956951597|238531|195669
19|30|2956925806|235028|191738
16|30|2955534274|168199|130309
3|30|2957903252|228815|185330
12|30|2956050262|229990|189747
18|30|2955860269|223510|180583
14|30|2957815842|234680|200452
26|30|2958046654|218805|178518
11|30|2957475929|234236|199695
15|30|2956455925|239615|201823
31|30|2958166465|259035|223724
25|30|2957071322|235448|198538
2|30|2958334291|234048|191433
22|30|2958318468|236139|196024
29|30|2958032515|221888|177488
10|30|2956447758|233504|199036
24|30|2956905097|230954|187218
1|30|2957430690|218931|165429
13|30|2956687779|224515|177495
30|30|2957860673|227152|189937
6|30|2958147300|219479|179803
20|30|2957609031|217433|177809
0|30|2959200161|230380|184693
8|30|2958294097|227274|187764
5|30|2957740688|209992|144723
7|30|2955996073|198964|151381
23|30|2960944026|191615|156767
2|31|20827537282|1953403|1872485
10|31|20827337585|1742650|1633845
4|31|20827945876|1876001|1775075
8|31|20826194798|1687158|1559842
12|31|20827864962|1835824|1743553
19|31|20827865524|1949844|1853140
31|31|20827612567|1801393|1693863
6|31|20827023167|1826363|1712874
15|31|20827637953|1779010|1671123
3|31|20827981736|1882262|1743352
30|31|20827330185|1840119|1761445
16|31|20828028890|1777395|1673384
5|31|20826636068|1878685|1753583
26|31|20828383698|1697218|1604452
25|31|20828285634|1913173|1248955
21|31|20829038010|1757784|1453385
20|31|20827821233|1725736|1607308
28|31|20828951247|1876328|1794159
11|31|20828746179|1969036|1858813
18|31|20829207168|1945151|1873315
17|31|20829563719|1846838|1745662
14|31|20829499926|1855583|1775291
1|31|20829186690|1558506|1346993
23|31|20826993709|2017217|1931149
29|31|20829590636|1824792|1741644
22|31|20829738190|1657700|1455310
24|31|20829581766|1749852|1657257
9|31|20830788854|1823118|1718037
7|31|20828154156|1854376|1719039
0|31|20829352683|1882390|1780629
27|31|20832018652|1756823|1669941
13|31|20834754521|1813984|1726400
9|32|3011696504|219534|177438
23|32|3012382999|229966|197541
20|32|3013489284|222533|187994
14|32|3012763878|217813|174571
11|32|3013433820|227767|188769
5|32|3013940788|230135|168867
4|32|3014471184|201679|150919
12|32|3014505679|217427|184964
29|32|3012422049|214237|173951
21|32|3013646392|228514|143882
31|32|3014592099|229784|189908
16|32|3014490779|211763|178906
0|32|3011688808|222726|186373
18|32|3013351725|193936|158503
1|32|3012836742|246887|212684
8|32|3014722245|232436|194482
2|32|3014795861|218155|172811
17|32|3013331126|214426|178638
28|32|3013783121|236764|207690
10|32|3014849923|225658|192915
22|32|3012698894|223131|186780
13|32|3007325244|215843|177657
26|32|3014257302|219181|187972
6|32|3014870170|204776|165782
25|32|3014275303|197446|159850
7|32|3012179485|216538|176531
30|32|3014825720|204239|170624
24|32|3012793747|212914|173929
15|32|3015004377|225862|190120
3|32|3015028086|219372|182770
27|32|3012258095|194918|157675
19|32|3018436401|227054|196004
14|33|2745622558|225626|186901
12|33|2745644012|242213|199970
24|33|2745143845|228084|189060
11|33|2745813091|226556|184151
8|33|2745634835|228264|189591
13|33|2745512108|239604|193341
31|33|2745794133|255511|225381
6|33|2745520709|234767|199621
15|33|2745372015|239240|201895
21|33|2745836830|221596|165311
0|33|2745802124|246838|211754
9|33|2746037434|216222|175612
23|33|2746084297|234742|201743
2|33|2745961710|235806|204837
28|33|2745996609|234349|195099
3|33|2745674355|237519|206167
17|33|2746147412|223164|186558
19|33|2742542077|244338|200395
7|33|2746047503|243707|202797
1|33|2746292047|223932|177874
5|33|2746574324|233719|188016
16|33|2746482761|241459|207413
27|33|2744922625|235635|203845
20|33|2746766068|241926|209320
25|33|2746319025|211088|168273
30|33|2746303310|222645|179150
4|33|2746929833|227196|193099
22|33|2746704846|245055|211056
26|33|2746758990|211787|166101
10|33|2747012940|229298|193674
29|33|2748748589|203901|158931
18|33|2750889484|233566|197793
4|34|3019539119|236447|191886
22|34|3019459598|240327|200902
12|34|3020929318|240027|196568
23|34|3020635483|229819|185732
30|34|3019946761|229583|190114
0|34|3020740879|260485|223440
9|34|3020731918|245540|205091
6|34|3020791992|238109|197073
10|34|3019456740|237441|188473
15|34|3020870642|239129|197107
24|34|3021140884|241473|199819
31|34|3020936708|250602|213336
28|34|3020582734|238614|196948
26|34|3019748316|239580|202574
16|34|3020302524|216903|165793
3|34|3020659391|244709|195294
27|34|3020392463|237116|182265
19|34|3020597280|267368|236003
29|34|3018441640|233177|192116
1|34|3020726577|247396|208760
21|34|3021305434|227828|157590
7|34|3020780549|252022|206397
13|34|3021470246|250835|216470
25|34|3020742413|226993|178398
2|34|3021353020|255982|216453
14|34|3022034179|232385|187551
18|34|3017228750|233304|188083
17|34|3022031020|246872|202306
5|34|3022528779|225718|161674
11|34|3023407325|240948|199419
20|34|3022740069|237604|199605
8|34|3023818066|246853|213739
14|35|3355768524|262149|216689
13|35|3356051144|265455|224752
12|35|3356821410|287324|253256
10|35|3356714686|261950|223006
4|35|3357100566|287909|252239
8|35|3353925228|268212|222222
22|35|3357131662|276569|239029
5|35|3354560976|257543|206879
0|35|3356932217|263335|223576
7|35|3356389820|269391|220503
6|35|3356943011|283613|245548
29|35|3356486669|257240|195500
9|35|3357043299|253790|212419
1|35|3356544843|267258|224306
20|35|3354369060|269239|233802
17|35|3355435190|271335|218275
23|35|3357244687|233111|188619
25|35|3356480005|242456|190416
3|35|3357079681|267539|219658
27|35|3357105649|254501|199901
2|35|3356574224|262456|217911
11|35|3354937901|284205|251656
15|35|3357439963|297693|264568
28|35|3357396022|262402|220426
24|35|3357537350|253520|213579
18|35|3356067935|256263|209911
19|35|3357320193|295099|260262
16|35|3357524766|274362|242027
21|35|3357208000|240583|190332
30|35|3358254690|235928|203133
26|35|3358284206|266637|232231
31|35|3358848804|283261|241516
15|36|5332359649|381738|308505
12|36|5333191006|403569|347522
30|36|5331683213|375110|328499
16|36|5332248154|333459|268218
9|36|5332955231|398552|346061
17|36|5333002340|332415|236762
31|36|5331224281|363371|295838
24|36|5332552784|324976|268628
14|36|5333535982|374832|297059
28|36|5332729580|354545|294287
21|36|5332547296|346690|262309
10|36|5333584120|371576|316258
22|36|5333543682|361928|313251
11|36|5333089150|380890|322769
1|36|5333464664|399554|333629
2|36|5333298440|387063|320394
13|36|5334047043|352845|300714
26|36|5332336133|346445|290275
19|36|5333152956|377222|304323
4|36|5334203010|394006|340304
7|36|5334118233|350650|294688
5|36|5334185902|306533|212673
29|36|5334302245|342065|254935
25|36|5334075887|334496|268899
18|36|5333692994|342242|285107
6|36|5334464014|383378|324530
3|36|5334225825|360723|295869
0|36|5334628137|395673|342139
27|36|5334620358|354849|284039
8|36|5335181491|369473|314998
23|36|5335300282|340466|284349
20|36|5338017940|343140|264573
7|37|2452918516|180413|145597
18|37|2452668872|187871|151538
23|37|2451558036|188745|150851
21|37|2453742569|185028|149664
15|37|2454212928|187479|152407
14|37|2453996490|185940|152829
10|37|2453897998|193676|150436
13|37|2453779052|191912|157681
6|37|2453076916|186281|148504
25|37|2453213392|183373|148476
3|37|2453029473|193001|153998
20|37|2449481041|185849|143532
8|37|2452599840|189816|153364
12|37|2454858984|194417|159043
17|37|2454632367|172402|131181
16|37|2454961705|191676|159342
4|37|2453946759|182896|141514
1|37|2454502518|193165|158817
26|37|2454425614|184289|149450
2|37|2454506430|210718|171841
29|37|2453981328|183291|150225
19|37|2454495473|197251|162072
9|37|2455347523|183858|130609
0|37|2453802918|200551|161076
11|37|2454992629|178345|134459
5|37|2454565508|194494|132780
31|37|2455487959|188250|150519
22|37|2455470469|195408|157618
30|37|2456205448|178418|144837
28|37|2456624675|192254|152837
27|37|2455768892|187858|152634
24|37|2457720798|192537|156657
3|38|4575782345|332849|294290
12|38|4575550667|303272|265439
14|38|4576190274|302046|267427
26|38|4575211204|281703|237929
29|38|4575071262|246806|200593
30|38|4574190458|300651|250685
28|38|4573480390|279524|224164
0|38|4574997611|309161|269305
25|38|4575854341|315738|268438
16|38|4575454266|299546|260105
18|38|4576317425|312339|252243
2|38|4575142238|315473|272994
23|38|4576566972|286552|249299
15|38|4576531618|307518|270123
22|38|4574722385|322183|283960
10|38|4576389773|309889|268134
5|38|4575080529|308693|204492
6|38|4576237788|267497|227194
19|38|4575464878|328402|286805
24|38|4572844743|293887|235495
7|38|4576798934|312123|275555
4|38|4575908794|301004|239063
9|38|4575586967|309086|263494
27|38|4573178423|296236|252682
8|38|4576394595|317668|278084
1|38|4576004498|319302|276581
20|38|4576510221|302146|268475
13|38|4576632123|297591|249216
31|38|4575645593|306225|259743
17|38|4576636111|266790|213743
11|38|4576079669|229134|191107
21|38|4578642939|286847|229695
4|39|3543297617|232535|186347
12|39|3543849724|270392|228839
16|39|3543738013|220879|180892
19|39|3543446459|259802|217197
11|39|3542712745|240208|196842
10|39|3543620588|257464|206683
24|39|3543475658|239839|195547
7|39|3543560976|267193|210372
9|39|3543625911|247547|176491
6|39|3543809544|262850|223842
20|39|3543492118|242014|203130
23|39|3544008786|243679|200558
3|39|3544314195|276833|237010
15|39|3544254045|271759|234755
0|39|3544533293|274124|233579
17|39|3543565952|253925|204094
26|39|3544649168|234391|189421
30|39|3544709146|232636|192559
14|39|3545112198|241152|199954
21|39|3542838569|231203|180121
22|39|3545088447|243842|190951
31|39|3544443329|260252|217045
2|39|3545385704|264399|215500
1|39|3545072978|215316|175189
28|39|3545902362|197023|146545
27|39|3545457908|237487|195559
18|39|3545914930|242881|199985
13|39|3545296047|240395|198239
5|39|3546579146|234236|171265
29|39|3547524005|224629|165439
8|39|3547055761|234359|193897
25|39|3548132239|237588|177546
9|40|3091059693|245814|199396
0|40|3090621736|245110|207027
1|40|3089533381|235126|186637
19|40|3091420362|251147|214643
24|40|3091402791|229744|191518
2|40|3089777700|262127|228729
21|40|3090163053|216411|169384
31|40|3089891646|247319|210838
30|40|3090557207|217668|186861
16|40|3091428749|229223|192130
22|40|3090027915|239791|204622
28|40|3089516326|201109|169870
15|40|3090990694|232832|197559
25|40|3087382756|200377|168726
10|40|3091760625|255693|199621
7|40|3091903912|258975|217902
13|40|3089836112|224681|188574
17|40|3091298757|200400|153462
3|40|3091712685|261800|206243
29|40|3088473033|227763|192806
12|40|3092351783|247583|213883
6|40|3092092810|218854|188083
26|40|3091809800|227965|195764
4|40|3092784148|241958|202227
5|40|3090119483|218959|164403
27|40|3091061839|233151|200948
14|40|3092024971|208333|174802
8|40|3089456209|176429|145077
11|40|3093451938|238857|206136
23|40|3093589141|238282|200287
20|40|3093703732|231782|190149
18|40|3092969368|240787|207143
18|41|3023699116|239041|199781
12|41|3026603757|262010|228972
19|41|3027634373|248937|213055
24|41|3027612574|247615|211209
10|41|3027325074|252405|216287
31|41|3027687204|259053|225942
25|41|3027522422|224703|181724
29|41|3027132903|230203|192501
8|41|3025999711|221272|187091
28|41|3027717158|238759|205167
17|41|3027296527|237699|198467
21|41|3027989618|235826|198609
7|41|3027535783|272070|240426
6|41|3027152276|203676|170954
1|41|3028145231|250470|209854
0|41|3028317152|251862|210701
14|41|3026477187|225706|173626
4|41|3027032010|240181|198351
23|41|3025908710|240228|207549
5|41|3026668138|218148|165362
30|41|3028444888|221186|171660
3|41|3027915409|257625|226955
11|41|3026750619|241679|211546
16|41|3028993329|249914|219200
22|41|3029101433|236113|188354
2|41|3029316561|237889|202230
9|41|3029549858|243237|209116
13|41|3028968262|253629|216924
20|41|3027260392|218631|182249
26|41|3028855008|232834|196849
27|41|3029143824|237185|200615
15|41|3034808493|237105|199100
26|42|3623885306|270484|203395
16|42|3624861915|290779|243356
27|42|3623029473|270671|230828
9|42|3624617935|300590|267195
28|42|3626287188|277002|238129
25|42|3626351858|276915|241989
7|42|3626124051|308171|275688
2|42|3624870670|284551|248320
15|42|3619240786|280825|252178
23|42|3625993037|276780|234962
14|42|3626206004|255260|221359
22|42|3625297991|289240|241985
3|42|3626064719|299234|265755
21|42|3626617439|274233|224171
6|42|3626689650|271403|218069
17|42|3626892612|267052|225519
12|42|3627376623|298514|263359
13|42|3625292104|298212|267657
10|42|3627179464|292977|262456
29|42|3627034141|274025|219645
18|42|3627456438|297781|263168
31|42|3627096555|311812|279331
24|42|3627269666|290930|262163
30|42|3626446054|220677|186504
0|42|3626733027|283050|244570
20|42|3625246295|276361|242923
19|42|3627475315|304612|267920
4|42|3626851676|289879|248533
8|42|3627307556|285596|242222
5|42|3626884861|268067|220178
11|42|3626848778|241997|204997
1|42|3628852260|287811|244372
7|43|6902701959|561775|475454
16|43|6902986187|496404|427968
8|43|6901810942|470230|377086
12|43|6902109265|557084|479377
0|43|6902013923|503815|421391
2|43|6902823105|518187|439987
30|43|6902150987|515754|427266
27|43|6903160298|503399|417367
1|43|6900187431|544462|446796
31|43|6902272857|534172|449276
13|43|6902472951|454651|383520
19|43|6902284692|568973|502743
9|43|6903324274|457637|376203
23|43|6903054139|471241|381279
20|43|6902326597|514469|443785
5|43|6902247979|476959|370729
11|43|6901971506|518820|421912
29|43|6902772766|481744|389422
28|43|6903508061|482527|411331
26|43|6903856321|507442|446295
3|43|6903134266|527280|441567
22|43|6903345219|521848|456340
4|43|6902798485|518843|438362
24|43|6903034943|437883|347986
10|43|6903628651|485893|390300
21|43|6903930595|482037|373150
17|43|6904283878|483355|376082
18|43|6904633742|500565|409853
6|43|6904772960|539381|480450
25|43|6906723170|529914|463298
14|43|6907374985|477144|396719
15|43|6911291307|521572|437423
1|44|6511824450|423299|361980
14|44|6507161848|393061|326750
20|44|6511595837|457434|401826
4|44|6511098158|395174|326753
28|44|6511585732|385627|301734
30|44|6512163389|407394|329926
29|44|6511741955|411586|328167
9|44|6512227256|465622|417396
22|44|6511796810|470471|410737
31|44|6512517443|390155|313762
19|44|6512318846|444172|371960
27|44|6512588917|437630|373353
25|44|6508900711|441200|357867
2|44|6512798149|455861|399182
5|44|6512351433|381412|297955
16|44|6512941957|416629|360869
7|44|6512995032|418645|367460
6|44|6510373801|391127|314471
24|44|6512065217|414082|352428
17|44|6511028251|394536|324897
12|44|6513164293|442709|390710
0|44|6513339490|468679|413932
18|44|6510857286|378445|324392
3|44|6512616950|416107|351093
8|44|6513436554|404443|341358
13|44|6513087461|394566|323454
15|44|6504884565|443032|369295
23|44|6513063754|391799|318961
26|44|6512806308|361650|278627
10|44|6512156262|442817|384648
11|44|6513794669|473158|406230
21|44|6513032290|381413|292176
0|45|2815833800|215038|177812
1|45|2817220685|206598|165241
2|45|2816508740|214077|174087
31|45|2816752256|209703|168481
17|45|2816324632|204135|169017
18|45|2816122519|206339|168957
30|45|2817340830|203691|166605
25|45|2816888796|214625|174415
28|45|2817454847|184053|145701
29|45|2817386069|201252|158993
13|45|2816395172|200924|162979
5|45|2817003898|191881|140674
15|45|2816529041|211388|176731
22|45|2817291649|227825|190965
27|45|2817274908|205919|171983
4|45|2818011244|174486|134876
12|45|2816956673|225082|190379
11|45|2815730219|199948|163826
9|45|2817515376|198799|149246
21|45|2815569341|191569|123243
24|45|2817433949|205189|162864
6|45|2817624427|174950|137904
14|45|2818634257|174843|135143
20|45|2818684442|189506|157797
8|45|2817385357|210848|167064
16|45|2817949887|195220|158176
19|45|2818239915|225294|189473
10|45|2817357861|207325|163658
23|45|2817628428|206020|161952
3|45|2817786760|200467|156322
7|45|2818328323|204149|166214
26|45|2827455106|192520|157413
22|46|3816650941|308031|273197
28|46|3816929187|270614|232957
4|46|3816586199|284015|240251
25|46|3817004276|275406|202178
3|46|3815565906|304974|262933
27|46|3816665878|294098|252473
2|46|3817399582|316173|270321
12|46|3816775399|313263|264005
14|46|3816252598|282949|230222
30|46|3817387193|297654|258054
8|46|3816478891|284104|247356
31|46|3817854111|316111|275530
9|46|3817157274|285085|233166
7|46|3816094127|324976|281480
29|46|3817607880|297670|254460
6|46|3816850650|250409|204934
26|46|3806589626|292023|231052
1|46|3818629176|307209|263699
11|46|3817875655|279161|242125
19|46|3817131074|313988|267562
13|46|3818316856|296888|244222
20|46|3817431251|302064|249030
17|46|3818925838|304130|260877
5|46|3818627698|291356|230486
15|46|3818661095|301211|259551
21|46|3818643030|295383|233385
16|46|3818879207|298961|249464
24|46|3819374284|300992|256733
18|46|3820749639|273609|221757
0|46|3822198659|310748|267434
10|46|3822091295|320293|279035
23|46|3826415480|297024|256155
29|47|3678874831|284900|245616
6|47|3678861760|256326|213458
24|47|3676450431|292376|254617
15|47|3677946495|264072|216220
12|47|3679858649|306482|268948
14|47|3680002273|262603|205349
22|47|3680310628|303328|266704
1|47|3679105462|289454|243112
27|47|3680210833|302105|266993
17|47|3678694713|271715|215342
11|47|3679147472|308069|269793
21|47|3678477271|268288|205290
20|47|3679211315|277040|226553
0|47|3676001499|305900|254025
10|47|3674268247|275864|218201
4|47|3680729409|293933|253693
3|47|3680772149|319699|279987
31|47|3680252601|312463|273090
5|47|3679288087|259584|192681
7|47|3680455261|280731|226117
18|47|3677585268|260766|199366
8|47|3680574144|277744|233275
16|47|3678237740|270539|223430
25|47|3681331841|268976|212026
28|47|3681893090|311486|267890
30|47|3681577490|253686|210077
19|47|3680531971|316577|273317
9|47|3681492806|286598|238040
13|47|3681023098|267997|226545
23|47|3672021247|259249|208165
26|47|3686217550|266048|221234
2|47|3690133503|293754|246118
7|48|2890908387|290652|250382
9|48|2889905134|243272|208565
19|48|2890096363|278045|243086
3|48|2891288372|249667|213019
16|48|2890919160|199908|168711
8|48|2891042240|234820|197156
21|48|2891610920|225089|175408
20|48|2891514940|187881|155047
12|48|2892204762|266829|232193
18|48|2891140084|243029|209588
15|48|2892454137|249861|198693
13|48|2889874616|242370|210933
23|48|2889576380|276420|243459
5|48|2891371702|233950|182870
17|48|2892109290|233408|194975
2|48|2882347094|270031|217176
31|48|2891734905|258184|218309
0|48|2891942768|278264|239175
24|48|2893061868|241929|212608
6|48|2893084115|237280|203076
1|48|2892505999|275688|243661
29|48|2893266120|228794|184904
10|48|2892178778|267251|231567
4|48|2892411495|270900|236655
14|48|2893066222|247682|212671
22|48|2893128137|254728|221549
25|48|2892117061|215401|181641
28|48|2891781124|248295|209945
26|48|2886776244|189152|151919
27|48|2894328436|211933|181240
11|48|2895010559|224454|191817
30|48|2894559524|230616|187454
20|49|3277766202|226012|187733
25|49|3276612599|248435|201908
24|49|3277525737|249952|213860
17|49|3277961377|254983|184850
23|49|3278139545|279347|238521
12|49|3278434917|257607|219222
28|49|3277480130|253766|212160
19|49|3279118773|268388|221765
18|49|3278908817|269659|227986
3|49|3279226332|289717|212416
16|49|3279228097|239744|197175
2|49|3278963680|280487|235243
4|49|3278410011|274205|229171
6|49|3278905508|270924|231355
13|49|3279227570|271218|234500
8|49|3279543683|247834|214729
0|49|3279218843|232973|197977
21|49|3279637266|237954|195422
22|49|3278534884|269805|227651
5|49|3279644027|260685|204068
14|49|3278933635|221065|179116
29|49|3279852484|261664|217933
15|49|3280382496|281645|243420
31|49|3280091944|278634|234011
11|49|3277265849|271016|232996
7|49|3280764303|296827|256000
26|49|3278858203|234746|197759
1|49|3280552201|285830|244222
30|49|3277404719|274232|236758
9|49|3282227185|249326|205651
10|49|3281398593|294380|257267
27|49|3281533539|265188|220635
7|50|3203027485|210546|161857
2|50|3204287467|240328|194338
3|50|3204587748|236030|184855
18|50|3204795645|218112|168946
1|50|3202640827|225798|172616
21|50|3204257125|222068|170529
8|50|3204470159|211777|165943
17|50|3205746781|209872|154541
31|50|3204030677|238261|193716
28|50|3205762648|212146|167165
12|50|3206152334|181121|141093
19|50|3205777888|251066|197659
24|50|3206664058|210306|165912
22|50|3205188870|235630|188211
0|50|3205299997|169740|109873
6|50|3205606448|207417|164191
29|50|3204615963|231387|186276
25|50|3207208433|230797|185135
26|50|3204511496|209894|158599
16|50|3205922704|211617|146143
10|50|3203259186|224054|175210
20|50|3207776391|211931|163425
23|50|3207242459|236445|184110
15|50|3205172531|212115|158584
4|50|3206363619|239662|188970
13|50|3206333403|229954|179506
27|50|3201839276|221421|165922
9|50|3203728776|218177|153759
14|50|3205791905|225690|177856
5|50|3205893818|206696|129997
30|50|3204587727|225209|172408
11|50|3205888121|239978|193119
24|51|4930532328|248724|188360
27|51|4929576727|262038|188577
13|51|4929596313|263532|192085
9|51|4929713455|290873|223904
7|51|4931910994|279845|207074
1|51|4931769813|297389|228779
2|51|4932032591|290760|222658
20|51|4930088574|247128|164710
6|51|4930695774|260085|197304
8|51|4931866344|261267|189521
31|51|4931404600|283197|213955
15|51|4930338792|296083|234218
22|51|4931140772|254211|194920
26|51|4931181132|248627|184037
11|51|4929938744|286895|223764
21|51|4932556409|289753|229083
29|51|4931389826|274726|212620
0|51|4931583802|308272|240757
12|51|4931922203|253727|190745
25|51|4931641672|262929|201565
23|51|4931135997|268582|203867
30|51|4930713732|288205|230158
28|51|4932586107|241111|172447
18|51|4933891113|283762|221278
17|51|4933860100|270757|192041
14|51|4932160993|280280|217312
19|51|4933214008|291011|232105
16|51|4933701240|265074|212559
4|51|4934100949|274139|202321
5|51|4939954825|292950|166662
10|51|4941925474|292502|229582
3|51|4944901028|311545|252592
7|52|3651348880|294807|240696
20|52|3651263083|219507|176813
4|52|3647195485|286991|240143
22|52|3651158265|285933|252162
30|52|3650397102|258862|206476
29|52|3650892635|255422|199895
11|52|3651085277|282524|235256
31|52|3651536002|277354|230449
17|52|3649625605|268313|227588
28|52|3650403076|278506|240122
9|52|3652130118|272377|212194
27|52|3652295539|270094|231356
25|52|3650964911|274418|222391
15|52|3651815932|286799|248190
8|52|3651918675|293508|248734
24|52|3652559278|244675|206199
13|52|3652632182|278563|232482
26|52|3651896410|250861|207053
18|52|3650707065|267400|219420
1|52|3652890747|255084|199727
5|52|3642723647|267731|204165
6|52|3652942177|281135|236478
2|52|3652996191|295392|253969
23|52|3651868017|307688|270147
21|52|3652359180|264724|218251
14|52|3651128123|259247|209048
0|52|3653642938|280467|237369
16|52|3651465522|236827|184537
19|52|3652327122|266789|215171
3|52|3641836967|285342|219813
10|52|3643740086|256746|188859
12|52|3654536206|301395|262377
25|53|3710718087|285029|237911
7|53|3711687944|310300|259949
27|53|3710990358|291286|256441
4|53|3711668710|247236|203573
3|53|3708299268|308593|260849
5|53|3710205468|235996|176636
19|53|3708484139|295883|246403
18|53|3710549069|303274|247028
0|53|3708966518|301989|255563
21|53|3710381544|265089|213590
11|53|3711796265|299940|258047
16|53|3708902232|241069|206497
23|53|3710544486|297189|253729
24|53|3711439934|264042|227314
17|53|3711816919|266194|201269
31|53|3711926541|313497|271966
8|53|3711753207|286933|248150
2|53|3710930636|307503|265625
14|53|3710501262|292310|236846
13|53|3711759468|293510|252792
1|53|3711306340|277316|225885
15|53|3712186520|313124|273334
30|53|3712946868|301088|235918
22|53|3713357320|280377|242348
12|53|3709746139|298887|257649
10|53|3710035706|276191|228877
9|53|3714091711|285639|234460
6|53|3713136027|272860|227610
20|53|3715857821|271396|216922
28|53|3719763860|307221|263367
29|53|3720347031|303995|267018
26|53|3721274513|290678|250351
4|54|3441998482|275543|241554
23|54|3441528174|266084|217547
3|54|3442203264|296018|265659
1|54|3441187516|244075|203906
9|54|3439198950|267333|225379
2|54|3441429362|283250|247516
8|54|3441452299|267870|223356
21|54|3441988169|256206|204597
11|54|3441995086|277942|240914
31|54|3441771050|283710|245653
10|54|3440187500|268221|225123
0|54|3442110933|284347|248144
27|54|3442586346|240619|198949
7|54|3442682338|302357|270606
17|54|3442006153|262223|218322
30|54|3441069424|259835|222437
6|54|3439557797|253934|215336
18|54|3442472440|281858|247210
5|54|3442680091|255632|195089
25|54|3443094626|265254|225774
24|54|3442213834|264919|232924
13|54|3441829479|278556|243178
29|54|3433914141|261412|203346
22|54|3441106509|274454|237750
16|54|3442543791|270047|223428
26|54|3432291040|240137|175778
19|54|3442962839|258757|204220
15|54|3441926748|262022|220705
28|54|3434557638|249983|194231
14|54|3442419353|258013|224693
20|54|3440035800|263768|225358
12|54|3442174094|286184|251819
15|55|3061361395|249751|210818
19|55|3061527112|262318|223423
14|55|3061318997|244299|206918
7|55|3062008075|285543|248745
12|55|3060280999|260809|207011
16|55|3061614709|250240|201861
10|55|3062208487|270617|235204
11|55|3062295333|240054|197028
5|55|3062059256|249427|196644
4|55|3062812546|269142|213081
9|55|3062561916|268915|227547
1|55|3062586531|245515|200312
2|55|3062562927|252208|193047
20|55|3060956947|257026|211848
0|55|3062659600|262174|221822
3|55|3062987725|265640|227231
8|55|3062906537|247223|209903
28|55|3062071064|258584|222144
30|55|3062751402|251578|211344
24|55|3062615555|253237|206565
17|55|3062871149|237566|193480
13|55|3062645940|243111|199906
26|55|3062478598|229298|187847
29|55|3062637082|239979|193918
23|55|3063553312|272203|229113
22|55|3062848875|256124|219086
27|55|3063238615|235224|182550
25|55|3063155257|242921|192948
6|55|3063387657|246545|207094
31|55|3063561084|275836|239099
18|55|3065040031|257349|216308
21|55|3065834011|240793|195542
7|56|3197325983|271015|237698
16|56|3197320738|254517|220732
19|56|3197391802|265675|215571
14|56|3197430462|246462|211192
11|56|3197335613|270534|227602
0|56|3197106618|252992|203549
12|56|3197679097|260589|226493
20|56|3197244405|218504|188213
2|56|3197475937|267407|236751
15|56|3197793563|257968|220031
13|56|3196809988|260401|230010
6|56|3196307444|252318|203203
8|56|3197093738|244015|210404
3|56|3197204360|254685|222008
9|56|3197634033|234308|190534
10|56|3197777885|261217|226257
17|56|3196980033|211966|166019
1|56|3197655933|247728|215164
4|56|3197711466|260317|225531
31|56|3196490133|275461|243735
22|56|3196858986|255420|221745
5|56|3197914576|214937|161902
23|56|3197117238|246319|209567
24|56|3197270623|202682|165641
26|56|3197195187|238683|204652
25|56|3196908309|239631|198598
28|56|3197921268|220454|192638
21|56|3195005435|223016|169883
30|56|3197930259|250248|221668
29|56|3198072293|242246|206353
18|56|3196420263|236368|199799
27|56|3200082060|246064|207253
3|57|3675586178|258671|204022
11|57|3675919887|235050|174154
19|57|3676235734|276994|227029
10|57|3675847453|249556|199226
2|57|3676055944|267482|212276
20|57|3676179486|247627|203841
12|57|3676197610|266885|224371
7|57|3676648286|285869|234840
22|57|3676026795|240107|194615
29|57|3675043989|242226|194430
25|57|3676145608|242144|185501
24|57|3676369450|247074|204571
5|57|3676421882|220117|158423
8|57|3676735148|250090|201573
9|57|3676891753|249696|193549
23|57|3676778442|262822|221652
21|57|3676214571|233638|164382
30|57|3676280553|219769|172983
4|57|3677527085|249540|202277
26|57|3677499388|256079|214667
17|57|3677796714|237244|183273
31|57|3678066713|260888|219587
14|57|3678588704|244428|198057
28|57|3677370454|229602|185959
0|57|3678515866|284989|244103
1|57|3678411038|238988|191069
16|57|3679034164|260055|217711
6|57|3678920647|244465|197170
27|57|3675655863|237298|184152
18|57|3678012719|243140|198822
15|57|3683257429|236902|185936
13|57|3684876971|243074|195496
5|58|14685326437|629251|334520
4|58|14684399443|599608|310565
10|58|14686146625|671973|369304
29|58|14685991602|700909|409921
1|58|14684009963|762760|452001
27|58|14683434932|618944|339423
2|58|14686719464|717821|434900
28|58|14684505548|544293|279666
3|58|14687148773|786917|495597
14|58|14684587300|710694|419999
21|58|14685732945|655970|340988
30|58|14685706591|699486|414906
22|58|14686663893|702961|407085
23|58|14685920940|609914|336609
19|58|14687171106|649932|350990
26|58|14685201408|615804|346234
15|58|14679821494|667136|381003
18|58|14683423558|571590|294427
20|58|14687181633|592291|314550
8|58|14686764439|582406|308284
16|58|14684871435|593441|311945
13|58|14678655100|676596|365911
17|58|14685707483|563761|291537
24|58|14686947278|678470|384879
25|58|14687020376|735088|432605
0|58|14685370347|637265|364020
11|58|14688158764|719366|437926
7|58|14687813337|554004|275113
6|58|14685134317|610972|320044
31|58|14686724909|643009|366720
12|58|14688868496|753863|459405
9|58|14695445805|706199|395030
16|59|5290221185|420794|377624
29|59|5291450937|413345|364619
19|59|5290802998|417468|347313
30|59|5290931877|422443|370456
8|59|5290361033|387635|337091
1|59|5291348118|415894|358130
9|59|5281478470|414084|341372
28|59|5291149248|445302|396987
3|59|5291143079|454625|406378
15|59|5290875159|401154|353450
20|59|5290706665|417957|322227
12|59|5289052619|447608|393619
2|59|5291358168|410291|354124
27|59|5291494039|467625|426856
26|59|5291030713|379389|327432
7|59|5290057394|455906|402405
24|59|5290511563|412016|359035
0|59|5290450993|450609|404713
4|59|5292161183|359070|305243
21|59|5291418189|404965|309536
6|59|5290226080|407400|350059
10|59|5292425422|433161|391238
14|59|5291731224|379714|330454
23|59|5291752057|397719|334665
22|59|5291828379|463571|403456
5|59|5292838367|405538|331780
25|59|5291378384|396288|332516
31|59|5290439348|428124|378641
18|59|5292435656|428048|384542
13|59|5295018726|451334|398480
11|59|5299769784|455793|405733
17|59|5300312468|438067|379474
10|60|5687533869|395910|337058
31|60|5686675979|422359|370988
3|60|5688216588|406646|341972
14|60|5687634825|389630|336517
23|60|5687433540|368514|317004
0|60|5688124425|356968|304084
4|60|5688125390|347862|288305
28|60|5688500094|379058|322446
24|60|5688336899|392163|331831
11|60|5679032192|425387|360215
26|60|5688552538|389834|337370
17|60|5678759236|380750|287874
12|60|5688673280|428068|379688
21|60|5688557445|374886|284382
13|60|5684308810|375291|309347
29|60|5689141060|416022|356103
19|60|5689282965|419268|363344
7|60|5689038407|411850|352207
15|60|5689255043|409037|330192
6|60|5689026766|386068|337274
1|60|5689437361|380353|323872
30|60|5689517761|382673|320887
25|60|5688329301|395190|338984
18|60|5687828307|396063|336537
5|60|5688663871|373763|284472
2|60|5689547712|421977|368782
16|60|5690098884|407331|356044
22|60|5689066685|355307|293019
27|60|5690266627|379116|329453
8|60|5691758110|396306|346764
9|60|5692352964|364146|311532
20|60|5692949108|414511|353297
9|61|3423215847|246920|201050
21|61|3426777383|221039|156622
31|61|3427553327|246892|204257
22|61|3425821184|244146|203172
7|61|3426555965|234270|191599
23|61|3427516206|244764|196753
1|61|3426429910|233273|188931
19|61|3426741510|254813|208757
12|61|3427222994|256629|207429
15|61|3426772784|233281|175372
14|61|3427877933|237463|193161
4|61|3427745420|204002|153166
3|61|3427975376|266879|218269
13|61|3427325594|245268|196145
29|61|3427356139|220076|161709
8|61|3424644220|251549|205936
0|61|3427927166|265850|222853
28|61|3427872709|253532|212534
5|61|3426781350|217206|150334
10|61|3428292789|243364|196814
2|61|3426700593|249179|195076
30|61|3426977993|249134|203577
25|61|3427173763|245542|199460
11|61|3428175277|242800|194120
27|61|3426714013|255676|209621
6|61|3427829003|232958|192047
20|61|3424185835|241612|192871
24|61|3428702516|237352|187405
17|61|3429241546|208119|145449
18|61|3428881951|253618|204720
26|61|3431227038|252337|211081
16|61|3430627455|225204|163250
21|62|3827497581|274447|233172
15|62|3827471878|268369|222140
14|62|3827624674|248270|190194
23|62|3828007013|277136|235580
29|62|3827527770|266998|222885
17|62|3825839500|258431|201731
11|62|3827040116|274122|230890
5|62|3827513469|257885|186880
16|62|3823415602|250627|174767
13|62|3827711166|231111|183779
22|62|3828237211|260795|215356
8|62|3827789853|277159|233116
28|62|3827773637|260225|216431
3|62|3827900416|282127|240625
26|62|3824235157|262576|219418
18|62|3825814081|258481|210780
20|62|3827024426|245238|203653
7|62|3828497201|275490|233407
12|62|3828527798|272813|235115
19|62|3828685327|287023|248919
6|62|3827411251|248095|201383
9|62|3829080880|282926|239665
2|62|3828370483|280788|238782
24|62|3827704187|243422|206888
0|62|3828760656|267957|224365
1|62|3829598803|240579|200546
31|62|3829842170|261577|222658
25|62|3829044203|245421|198177
10|62|3830740893|267938|219033
27|62|3830435939|261900|225220
4|62|3831581772|255018|215347
30|62|3838268794|263482|222397
21|63|4157638080|293964|226022
29|63|4157109268|340002|300479
2|63|4156205946|315272|261268
14|63|4157269256|304498|263801
4|63|4153246740|269422|225142
7|63|4156790797|339492|298178
13|63|4157151821|295351|252086
3|63|4156985752|344439|301833
9|63|4156569971|309433|245451
28|63|4157147414|316914|254351
19|63|4156947207|336524|296013
31|63|4156187552|341164|295350
23|63|4158038517|294701|251735
16|63|4158013406|312788|270600
18|63|4157885242|304819|258688
11|63|4158518432|340873|296641
10|63|4155268603|310105|266296
30|63|4147970907|322511|259801
5|63|4158801164|270009|207469
1|63|4157389776|302485|248038
22|63|4158876758|307282|264306
15|63|4159401772|329100|283784
17|63|4159863748|268983|198010
12|63|4159182048|323065|273328
26|63|4160672576|297203|253279
25|63|4159341288|308270|256800
27|63|4157512358|323811|273406
6|63|4160611235|260999|206271
0|63|4160340939|311262|268591
20|63|4162041788|326589|284079
24|63|4161715901|273308|191619
8|63|4162826091|332932|287945
1|64|3931771061|225529|189252
19|64|3933050285|229926|181160
16|64|3932687906|235100|201900
12|64|3930921657|219814|181959
2|64|3933644932|216709|176729
8|64|3927736202|245813|203934
28|64|3933392739|227247|194307
18|64|3932613774|249253|213175
10|64|3932301051|251842|215793
6|64|3929515706|214237|177285
5|64|3932052606|272326|185762
7|64|3933730170|241802|207981
17|64|3931085269|246852|203055
9|64|3933620070|247940|209955
14|64|3933884328|231842|197196
15|64|3931993863|245023|212885
3|64|3933823297|257535|225638
11|64|3932576747|254441|222439
13|64|3934006438|203063|165444
0|64|3929819387|212089|174682
20|64|3929019403|230094|187566
22|64|3932437646|240675|199607
31|64|3933794781|252065|218956
30|64|3933145013|241027|199938
24|64|3929192741|226129|184899
4|64|3934853312|205687|176391
23|64|3934178593|204771|159073
21|64|3935381595|230499|184064
27|64|3931519297|220535|184678
25|64|3931714782|212999|150744
29|64|3937021375|237378|201577
26|64|3940444012|218251|181791
17|65|3811109562|259923|201982
3|65|3811025641|274894|213158
5|65|3811222108|250627|174068
0|65|3810738996|238630|181861
7|65|3811302162|256969|207801
22|65|3810836282|286923|234552
14|65|3811241285|264514|209317
23|65|3810145862|264327|210575
27|65|3809576304|260188|210823
25|65|3809538208|264219|196880
8|65|3811593697|279730|223357
15|65|3811498804|261996|205730
10|65|3811790149|276712|219211
28|65|3811831571|264452|213495
11|65|3811597635|283190|229263
2|65|3811958530|279604|226579
4|65|3810720422|231435|173928
18|65|3811958255|266841|214878
20|65|3811402343|222697|164671
12|65|3812209566|262221|209523
1|65|3812487047|245052|180661
21|65|3810903016|251092|184997
26|65|3801787547|263676|192546
30|65|3811359251|281222|230008
19|65|3812775137|278865|217416
16|65|3812873398|272687|223302
13|65|3812455882|267800|209504
6|65|3812933977|241199|182232
29|65|3809853179|255832|191547
31|65|3812569922|280377|219100
9|65|3814535402|250863|172076
24|65|3814525841|266226|214880
20|66|3287367064|260767|223893
14|66|3287930507|242196|195679
26|66|3286954336|235741|192421
16|66|3286723675|229436|193048
18|66|3287634001|253021|213741
2|66|3287684398|270833|231853
28|66|3287846260|221087|182086
31|66|3286279298|255828|210267
22|66|3288279934|247479|204557
7|66|3288364732|257040|214027
23|66|3288289932|253544|207937
17|66|3288578786|212003|163449
12|66|3287733961|229136|188299
3|66|3288622128|281465|236624
9|66|3285247337|243582|185182
5|66|3288629435|235802|180283
6|66|3286980749|281858|240240
21|66|3287547983|238840|184576
1|66|3287645091|263502|217239
10|66|3288321244|244285|200504
27|66|3288644033|252881|209245
0|66|3288866849|280070|243535
19|66|3287507751|243743|196409
29|66|3287123435|248839|212506
13|66|3287449220|257934|220555
4|66|3288475281|231070|198177
11|66|3288915557|265437|226789
24|66|3285128428|242334|198273
8|66|3289431056|252074|215851
15|66|3289459324|237843|193152
30|66|3289027677|261397|230432
25|66|3290990220|241864|195303
8|67|2466672043|166130|135823
18|67|2468095759|179175|143098
11|67|2466984758|199807|164169
5|67|2467824831|163852|119287
3|67|2467866681|198136|164095
26|67|2468389095|175897|144523
10|67|2467689653|186866|149125
6|67|2467868880|169278|133554
9|67|2467840478|188289|153808
31|67|2468134590|179689|139531
15|67|2466691136|174448|134554
12|67|2467993091|177088|142867
14|67|2468639293|180595|146280
23|67|2468278331|182576|147272
2|67|2468451253|196026|165503
20|67|2468699155|186355|150115
4|67|2467691961|167692|128512
1|67|2468097947|176660|148005
7|67|2468360246|195144|165049
28|67|2468522855|195650|155025
22|67|2468489203|187836|151157
13|67|2467923333|179366|146571
29|67|2468152478|169192|117072
30|67|2466916517|186547|149511
19|67|2468271023|188683|151392
24|67|2467705855|168695|130169
27|67|2468463390|175902|139760
17|67|2468816295|192892|159996
16|67|2469307587|167774|135978
25|67|2466508548|186072|151054
21|67|2469490499|179666|124136
0|67|2470461576|169735|135236
3|68|2833175575|241793|203492
0|68|2830329608|202508|155615
25|68|2831974478|209598|167118
7|68|2832831166|210354|174857
21|68|2831573224|206011|157832
13|68|2832742408|192917|152228
2|68|2833134773|230043|195166
30|68|2832923332|199593|157532
31|68|2833542139|195631|157846
4|68|2833316931|206345|168109
16|68|2832785125|213102|174260
29|68|2833294722|196201|145550
1|68|2833672717|193014|145023
8|68|2834207909|218546|179994
26|68|2834193122|190886|148149
6|68|2834391417|215100|176560
15|68|2834547814|201908|163264
23|68|2834689450|232302|194477
24|68|2834339225|214041|174252
28|68|2834704743|214796|172143
18|68|2835282120|208060|168841
27|68|2834471367|208404|168452
10|68|2835290068|216343|175345
14|68|2835726018|187900|143962
5|68|2836150158|190154|144121
17|68|2835407137|188545|122251
19|68|2835930133|199690|151837
22|68|2836338365|215274|182837
12|68|2836718643|193146|153052
20|68|2836576210|193875|153556
9|68|2839121889|214663|169532
11|68|2839826453|219289|178608
14|69|6397700749|358547|288635
0|69|6400491895|354226|295832
8|69|6399757886|390966|321851
4|69|6400255089|409193|348801
28|69|6398825413|364983|304811
11|69|6394175474|382252|311351
17|69|6397798396|344078|261889
3|69|6400878358|426822|352538
10|69|6398757990|386006|299108
1|69|6400076127|395333|331653
5|69|6398016182|369740|288966
31|69|6400550426|378849|298656
21|69|6400916238|369727|274765
27|69|6398917939|383471|325056
13|69|6400923904|404370|345607
22|69|6397446935|359670|295306
20|69|6397418753|360938|287315
16|69|6400497355|414625|350741
23|69|6399386486|384177|314796
6|69|6399922970|393212|331164
12|69|6397544898|359707|295188
7|69|6401135746|428057|363123
25|69|6401167881|391997|309217
24|69|6399355407|386628|327253
29|69|6400543866|365287|303126
19|69|6397853422|385577|300627
30|69|6400931280|366349|308218
26|69|6400347134|401932|343462
18|69|6399450214|396115|332129
15|69|6400100097|363848|292807
9|69|6395717720|369639|275416
2|69|6401728051|429852|364169
27|70|3112997765|189330|149924
6|70|3112842368|181986|136351
25|70|3112833562|203017|157422
3|70|3113191291|217243|183188
2|70|3112112091|210332|170760
4|70|3113386405|203263|157212
19|70|3112809582|210539|159097
8|70|3113455031|202922|162011
10|70|3113283458|204927|163817
7|70|3113020565|201687|159467
5|70|3113274214|200476|143929
22|70|3113239863|192639|155113
9|70|3112562748|176382|134766
14|70|3113811904|189510|146315
31|70|3113350882|208320|165697
1|70|3113433039|194578|146138
16|70|3113246381|212987|178469
30|70|3113115261|183487|149062
24|70|3113311651|205292|156759
28|70|3113879523|180134|140070
0|70|3114177070|214415|174440
15|70|3113315103|192215|150620
18|70|3113438123|222312|184300
26|70|3113547297|174808|133309
23|70|3113764403|207248|163843
21|70|3113993375|184165|113403
13|70|3113974330|221625|181525
29|70|3113745411|202037|162202
17|70|3114153932|187640|147729
11|70|3114393446|220052|175914
20|70|3114190731|197655|157549
12|70|3114267603|185317|141658
11|71|4027509307|311115|267711
7|71|4028487732|286141|230141
12|71|4027267065|279225|233963
17|71|4027707255|287090|239316
10|71|4028625567|313524|266941
3|71|4028800403|318735|274219
26|71|4027987383|266035|219869
14|71|4028598219|290676|234654
24|71|4028411336|270160|221985
30|71|4028647963|295637|247402
2|71|4029060902|319371|270746
18|71|4028373260|308981|266245
4|71|4029225213|296166|241213
13|71|4028300341|288923|246973
15|71|4028661931|279896|223620
8|71|4029393233|289097|237380
20|71|4028356757|276316|229051
22|71|4029410422|287938|240853
29|71|4028706018|290629|228464
27|71|4029713602|299551|247409
28|71|4029111968|261766|215812
16|71|4029362801|289435|243222
6|71|4029868147|304599|248782
23|71|4029065011|280480|238948
1|71|4029745513|286843|239100
21|71|4029212168|286138|227958
5|71|4030026393|271605|210768
19|71|4030638140|316983|265987
31|71|4030469866|301195|261393
25|71|4031512355|290471|224607
9|71|4036022851|260499|187755
0|71|4038752286|291624|248366
16|72|4978348295|353584|305078
3|72|4979236048|395025|344794
28|72|4978372432|341329|291346
27|72|4978629515|361397|312803
1|72|4978316269|347053|285224
5|72|4978151139|314016|229731
25|72|4976845361|357664|275926
14|72|4979480641|332859|279607
10|72|4979657822|354858|300373
9|72|4972218870|376634|302476
4|72|4979239419|346661|299416
12|72|4979822530|348757|295977
20|72|4978955404|358642|308030
8|72|4979071490|355615|305435
19|72|4977905312|348457|282435
17|72|4979897920|320443|247504
13|72|4979383909|368399|323207
29|72|4979029874|358571|290694
18|72|4979487079|363606|311358
11|72|4980134187|379393|328573
15|72|4979354044|338176|276313
23|72|4978970948|329781|256337
26|72|4980145700|354632|311438
30|72|4980324626|346970|297111
6|72|4979502746|346165|291477
7|72|4980824594|379014|333158
31|72|4978755939|324916|253629
24|72|4980688724|373250|324270
21|72|4979803035|338870|274335
2|72|4982273885|342908|282473
22|72|4981796971|321391|249254
0|72|4973196179|373056|316310
0|73|6331735859|379097|296765
30|73|6335082229|386819|310329
19|73|6335969626|428914|367502
27|73|6336307644|377784|312592
6|73|6335341731|314566|259318
29|73|6336021550|392066|322101
1|73|6336477514|385640|315915
31|73|6335370720|402720|334437
28|73|6336794963|358767|295037
22|73|6333494821|371150|289298
11|73|6336465800|425743|364031
25|73|6336935003|365217|295144
20|73|6336867691|363841|303121
12|73|6337037618|401702|329866
26|73|6336595847|365075|293842
3|73|6337524154|366759|306948
8|73|6337045481|354556|297050
24|73|6336374715|377638|275989
23|73|6337132050|355956|292100
21|73|6336459541|345355|242048
4|73|6338039694|389147|338491
9|73|6338149565|370233|287897
13|73|6339694229|362073|312033
10|73|6342264217|392693|335525
15|73|6341926318|367438|302644
7|73|6341672777|402597|344183
2|73|6341070925|422740|348150
18|73|6346893594|364791|303625
17|73|6347521093|379846|301506
14|73|6348253786|426376|371383
5|73|6354188049|382939|293980
16|73|6357227436|373721|307856
10|74|8292138773|479052|392718
1|74|8298042363|460466|371036
9|74|8296320927|512857|427104
5|74|8280484493|407042|242978
3|74|8297531198|511442|427367
6|74|8298468043|496214|403261
31|74|8298299301|516087|434214
14|74|8286627728|474576|391933
15|74|8292540027|500902|417915
4|74|8296778043|393157|308996
22|74|8298460172|432620|335068
27|74|8298837224|494095|421727
13|74|8295103722|489883|412837
17|74|8287353312|396171|267031
8|74|8297875131|471030|391110
12|74|8297980959|509369|435846
28|74|8298675610|378523|311328
7|74|8292416738|519812|411352
16|74|8278322305|427843|331441
21|74|8297246624|491295|372165
23|74|8297633113|488036|406478
20|74|8298257377|395371|311842
26|74|8298112840|459159|376231
18|74|8288260205|469347|370918
29|74|8299160749|495622|386879
11|74|8298709661|503212|420529
0|74|8299685025|442467|368959
24|74|8298077189|527338|458901
19|74|8299821561|494166|410838
30|74|8300877250|504279|417854
25|74|8300201629|540815|453313
2|74|8294617635|491783|399262
13|75|4123743096|239317|204623
12|75|4123676422|247678|209410
9|75|4124353252|253265|205306
8|75|4123907123|269239|224362
28|75|4123916615|274409|219097
31|75|4124393126|265285|215630
1|75|4124731209|294310|254446
0|75|4123584414|271031|231239
30|75|4122395836|268488|224221
4|75|4124495812|270068|224312
6|75|4124646962|264772|221965
24|75|4123834158|268858|225101
20|75|4124246867|274871|237829
5|75|4124993711|258906|191937
19|75|4123742192|273032|221861
27|75|4124752380|256257|215770
7|75|4124635676|268133|221051
15|75|4125007042|275931|235777
21|75|4124898987|261361|218806
29|75|4124774522|260681|219518
11|75|4124730917|284978|243378
3|75|4125592370|280584|240060
17|75|4125691616|249653|186502
22|75|4126185607|247304|208543
25|75|4124070431|243585|183659
16|75|4126163029|247566|208029
26|75|4126147984|252298|212321
10|75|4127510301|282343|219515
2|75|4123800513|270800|214595
23|75|4128479221|278105|242625
14|75|4128986636|265065|229156
18|75|4134773719|281418|241408
1|76|4964779492|312290|252075
18|76|4953869316|333789|244648
29|76|4963947874|316731|253416
9|76|4965395685|288456|202816
17|76|4963705054|296049|229153
28|76|4965517957|317495|269682
14|76|4960767209|282178|224594
31|76|4965448586|298511|252844
4|76|4965240923|336546|291705
19|76|4964932055|320956|267084
12|76|4965810571|329784|264108
24|76|4965209179|329649|282402
11|76|4964563120|338040|289339
27|76|4965086624|322431|277866
23|76|4961220127|318725|264131
30|76|4965693590|317792|268599
16|76|4963625420|296683|242716
0|76|4965782344|324218|277336
26|76|4963629952|280409|227364
5|76|4965496809|324566|232356
13|76|4966377855|256168|201378
6|76|4965805502|298276|244031
7|76|4965757178|321418|269209
3|76|4965425465|308831|251375
10|76|4963962450|290764|230577
8|76|4967191800|314612|262207
2|76|4963789461|306056|248704
20|76|4967077449|314403|263620
15|76|4966920418|308309|260603
25|76|4966869160|308769|256715
21|76|4969535391|295871|220063
22|76|4968554233|267563|226425
16|77|4465758865|258457|215273
1|77|4466961031|317107|276067
19|77|4466302587|306401|258330
5|77|4465935779|319399|240122
9|77|4466780167|288682|241568
31|77|4466504112|304888|265706
17|77|4466685578|277423|235982
25|77|4463100140|276935|210131
15|77|4464405128|311528|270874
18|77|4467104175|329690|289678
21|77|4461577270|296973|233024
23|77|4466322527|303172|244180
10|77|4465380572|283828|224492
27|77|4466415407|319249|283871
0|77|4466278503|316277|275839
3|77|4465550488|312280|271181
6|77|4466111230|274644|237439
14|77|4466669366|291845|244684
22|77|4461682727|286153|242334
11|77|4466587137|298004|253416
8|77|4465259698|254016|209493
4|77|4466859573|304914|257478
30|77|4466592752|318704|278318
24|77|4466993555|301411|262748
13|77|4466513268|259871|217577
26|77|4466751517|276663|232827
20|77|4465257467|288372|243394
28|77|4467622227|285874|237852
7|77|4466650029|266606|223894
2|77|4466062431|299692|254742
29|77|4468627266|291673|242678
12|77|4468587893|316894|275836
15|78|6136113864|451496|395047
5|78|6136247731|452848|379905
25|78|6136199005|440032|382384
18|78|6136181731|435337|380858
29|78|6134598884|418153|340635
16|78|6136775463|357536|274713
23|78|6136256932|403297|349621
19|78|6136631027|455747|393808
28|78|6135511928|398023|327266
8|78|6136375405|358026|287110
7|78|6135590220|397457|334686
0|78|6136533673|429345|359966
24|78|6136158547|459465|397284
9|78|6136715342|414440|339294
17|78|6136711416|405518|340540
6|78|6136557296|414218|365483
12|78|6134607060|360270|290997
11|78|6136404217|483908|415563
13|78|6136110863|429247|379868
3|78|6136634863|457021|402243
27|78|6136653265|398613|335938
26|78|6136293610|410237|353986
14|78|6136865212|454512|400264
2|78|6136225697|441766|378493
10|78|6137736963|474383|425393
1|78|6138087330|435660|370183
22|78|6137687523|381756|329164
31|78|6138064892|448403|391677
30|78|6138115708|445171|375320
4|78|6138299609|427679|378997
21|78|6139731067|386594|295788
20|78|6145486616|420457|361969
2|79|3853044224|281473|239853
6|79|3853688530|254341|214952
17|79|3853729241|255330|206039
1|79|3852580702|280447|225891
29|79|3854249753|269030|214502
26|79|3853615274|256116|215958
20|79|3844426405|266215|216261
23|79|3854221854|292891|251484
22|79|3852716143|263526|223921
16|79|3854337843|272087|228729
14|79|3853670178|264984|226455
0|79|3854111398|294680|253425
11|79|3854071540|261792|220226
10|79|3852979038|272585|228199
25|79|3854620116|262453|191913
30|79|3852366104|276320|234561
8|79|3854331467|272978|229909
12|79|3854258731|255306|214091
21|79|3851189874|250860|207199
31|79|3852990978|266638|223578
7|79|3854395825|274987|218025
28|79|3854515693|271059|227147
3|79|3854289590|281845|235366
5|79|3854994569|266000|188952
4|79|3852565369|258760|222062
9|79|3854554299|245839|199794
19|79|3854818007|273836|231571
24|79|3854731110|271827|225776
27|79|3854693170|277127|236781
13|79|3854802924|252670|207075
18|79|3855396547|268937|222101
15|79|3855604533|255774|212672
12|80|3080545890|215602|179824
13|80|3079990143|235683|201219
5|80|3080483881|195955|143587
7|80|3080621238|232113|198625
14|80|3081030249|204143|166166
2|80|3081410459|212762|174034
30|80|3081007874|216455|178330
31|80|3081018015|216110|176668
8|80|3081125734|209018|164712
22|80|3081476999|229840|193621
3|80|3081037315|223142|183846
1|80|3081679735|202356|160677
23|80|3081625082|195032|146884
25|80|3081491095|235436|204459
0|80|3081659865|212382|174961
26|80|3081926367|193215|156353
6|80|3082074008|196800|159466
27|80|3081013071|218883|183618
9|80|3081419754|216261|173556
4|80|3081507215|209369|173901
16|80|3082020443|203059|161557
17|80|3082333540|199731|159827
24|80|3081379025|213070|173575
19|80|3081573141|228544|189807
18|80|3081238578|202663|161539
15|80|3081211919|224234|187376
28|80|3081932655|223392|183266
21|80|3082099944|200420|134649
10|80|3082469213|195877|155470
11|80|3082533853|235638|199704
20|80|3083010481|208238|167969
29|80|3086330542|206750|157155
4|81|2679888546|181052|142294
5|81|2680944173|179165|136153
0|81|2680311731|197271|159376
3|81|2680669781|206096|169449
6|81|2680303575|195409|154285
1|81|2680772634|187324|150363
15|81|2679990478|181824|141997
13|81|2681429527|214614|178140
11|81|2680140488|187989|142271
30|81|2681676728|196857|160732
8|81|2681503493|189591|141306
7|81|2681925907|203434|158121
25|81|2681268228|183756|143635
2|81|2681798699|202196|165124
26|81|2681401669|191911|160204
21|81|2680795049|171694|126892
9|81|2681274558|192540|151890
12|81|2682405609|197316|157490
24|81|2681283566|211170|174341
31|81|2682122095|165376|132490
27|81|2681708631|192837|156608
29|81|2677410922|201556|150273
22|81|2682179587|183297|141653
23|81|2682059052|186702|148127
19|81|2681491724|205427|152073
20|81|2680800292|167733|118861
28|81|2681895091|208459|171201
14|81|2683192762|200548|165320
18|81|2682153003|197147|159614
17|81|2682387910|169799|125186
16|81|2683009174|183693|143631
10|81|2684539899|203193|164714
19|82|2724307783|208430|174536
8|82|2725066595|222403|194188
30|82|2725158126|203591|174515
20|82|2724335880|178143|143966
31|82|2724583574|198689|167892
10|82|2720907871|202419|163050
11|82|2725279676|221065|186423
14|82|2723884574|205401|176361
25|82|2725194270|185876|140515
21|82|2724983444|189839|150482
3|82|2726111003|219257|190840
2|82|2725311742|214294|184381
9|82|2725026019|206099|175156
12|82|2725229928|208855|178448
13|82|2726160453|208339|173270
0|82|2726495521|214000|185856
1|82|2726438133|189001|154918
18|82|2724365286|197352|146295
28|82|2724497153|194200|158947
15|82|2726418251|207297|179688
6|82|2726701187|194539|165464
17|82|2724345347|189622|148803
16|82|2723793533|186690|150383
5|82|2726919465|199416|164689
27|82|2725358714|203441|165649
29|82|2725450315|191270|156604
24|82|2725769642|197805|161653
22|82|2725626690|194252|160538
23|82|2725676803|217602|186506
4|82|2727422497|193525|158148
26|82|2726674394|197224|168380
7|82|2727612014|211398|174438
2|83|2773799635|198717|163148
14|83|2773962960|185967|148925
12|83|2773869129|199288|160667
8|83|2774416533|211262|173628
29|83|2773506900|177103|141120
9|83|2774296270|191869|151711
16|83|2773782777|192940|154763
13|83|2774130360|189623|150146
22|83|2773472387|217135|178448
5|83|2773839074|167637|111114
28|83|2774120068|210352|174925
1|83|2774244986|196298|143869
0|83|2774410027|195902|158346
11|83|2774861272|205154|172397
10|83|2774936279|188687|153097
18|83|2774362353|180620|142618
15|83|2774346681|188206|152618
27|83|2774232832|179387|129203
24|83|2774010448|178930|141003
19|83|2775321796|200324|160606
17|83|2774510453|203227|163632
23|83|2774142917|185620|148265
20|83|2775703926|153967|119347
6|83|2775042819|191599|150375
3|83|2775769664|206491|167320
4|83|2774703013|161024|126497
30|83|2776520348|187108|150445
7|83|2774203633|202240|160314
25|83|2778012108|194009|153351
26|83|2777873239|173985|136206
31|83|2781658980|181306|140704
21|83|2787357782|181401|127713
30|84|3314639585|257600|210162
9|84|3316656040|229717|179163
21|84|3303793552|248637|200535
20|84|3315656954|229416|184099
17|84|3316053780|216906|176643
6|84|3315531291|264991|224095
26|84|3311685757|244642|200920
10|84|3316400609|258335|214278
18|84|3316488935|243091|203248
24|84|3316375382|254168|215720
31|84|3309845864|270851|221678
28|84|3316773262|279670|243947
25|84|3313490215|228013|172221
11|84|3316689780|265265|214145
8|84|3317261385|260345|222201
22|84|3317035094|272055|237546
0|84|3316772781|233620|192824
5|84|3317068370|247944|197025
3|84|3315834600|269540|230276
23|84|3316442803|257989|217161
27|84|3316753967|250178|211338
7|84|3315161238|269172|224394
2|84|3317880233|272240|233095
4|84|3315902362|185401|147129
12|84|3317708415|264054|222661
13|84|3317479392|247003|205882
16|84|3317575058|250235|207102
14|84|3318099599|259053|202635
29|84|3317775409|236412|176253
1|84|3318275088|221509|183589
19|84|3317920712|250995|207097
15|84|3318154930|262864|219541
1|85|3520691672|252756|214982
12|85|3521777461|227299|188315
5|85|3522141538|237018|172934
13|85|3521752523|279122|240977
11|85|3522321550|250089|206406
3|85|3522385164|244909|191235
10|85|3522832236|265824|220124
0|85|3522885242|281819|239794
8|85|3523046335|248913|203075
7|85|3523507212|238873|200892
4|85|3523705568|212571|171089
28|85|3524185207|258071|188777
2|85|3523961359|288573|244331
26|85|3524452208|246937|204799
25|85|3524464664|245529|188612
15|85|3522921719|280698|240667
14|85|3524088535|256305|217154
19|85|3523147420|254446|206091
17|85|3525175479|215719|164433
6|85|3525396142|223743|179768
23|85|3525455270|238385|192707
18|85|3526063084|243330|201178
31|85|3526693316|257843|214689
27|85|3526628108|239490|188679
24|85|3527479166|271677|232717
21|85|3527797437|238971|175280
22|85|3527553013|249475|205442
9|85|3528888997|227844|179920
20|85|3529445998|247266|197991
30|85|3532916011|259945|218933
29|85|3532337305|252862|207906
16|85|3537155492|233302|180422
16|86|5412740824|320067|239872
31|86|5424015554|366880|289362
23|86|5424974610|318890|262613
24|86|5423263968|344287|284367
10|86|5428073232|370578|309548
28|86|5426632590|332164|276455
0|86|5427801343|363989|279153
3|86|5428179067|353690|281647
14|86|5426148749|346924|295184
22|86|5423244057|292862|223677
18|86|5424916538|372001|317403
8|86|5427819895|348082|286121
6|86|5425715445|375987|305135
21|86|5423394853|323906|237562
19|86|5426276023|351143|289969
12|86|5428748916|319266|268009
20|86|5421908967|329681|268173
5|86|5429003075|332397|230852
27|86|5424417562|386936|329754
13|86|5429019927|350547|292181
11|86|5428901147|398445|343505
15|86|5426872927|360596|300884
1|86|5429175065|369366|297104
7|86|5427732512|343203|285311
2|86|5427244992|370190|301492
9|86|5423128000|303257|241185
4|86|5427804542|319052|263809
29|86|5418910656|323940|244387
30|86|5419520704|332500|270350
25|86|5427579973|309092|239751
17|86|5427689542|355218|275096
26|86|5429358915|354016|299036
6|87|2888720563|209239|175650
12|87|2888659102|209068|174735
17|87|2886991038|202440|156260
8|87|2888790127|202463|164798
9|87|2888156847|217952|166895
25|87|2887740469|205652|168753
18|87|2889030065|205720|166742
5|87|2888652235|218375|175721
21|87|2888993141|204112|160272
11|87|2888635006|229992|195047
10|87|2889216040|194462|159683
19|87|2889134801|219361|185346
4|87|2888314491|194478|153953
1|87|2888771374|229714|194298
2|87|2888687193|224067|190154
14|87|2889418188|213810|179844
22|87|2889393319|203400|170608
16|87|2889822976|195152|155797
15|87|2888936102|210690|175160
7|87|2888878149|209491|173938
3|87|2889595081|223930|184677
13|87|2889109072|180776|149617
26|87|2886779307|203251|167400
24|87|2889854820|214521|182613
28|87|2889791002|222675|194744
27|87|2889339143|199982|167314
0|87|2889890143|227140|194441
23|87|2890069768|216988|180847
29|87|2888882996|174569|124021
20|87|2889626644|214152|179678
31|87|2890289272|240209|211016
30|87|2889020928|214600|185780
9|88|2853810050|197090|143587
16|88|2853354032|184624|143438
26|88|2853313794|202252|167637
31|88|2852877007|210588|170519
0|88|2853145308|213274|170330
11|88|2853917651|200049|159354
10|88|2853950589|199356|154318
13|88|2853604836|190121|144219
12|88|2854375078|215214|174673
5|88|2854212569|200392|139324
30|88|2853180689|203881|158156
23|88|2853475471|183413|140375
20|88|2853459063|186733|145332
1|88|2854070168|193708|147728
27|88|2853616883|193512|155658
14|88|2854074477|182083|135939
22|88|2854048714|183294|141604
3|88|2853957666|204816|163908
24|88|2853852608|209045|170775
8|88|2854738904|187933|144440
18|88|2854527175|217814|177983
21|88|2854556077|198612|157281
17|88|2854865056|194348|140400
28|88|2853964770|221131|184793
2|88|2854398256|214031|170555
15|88|2854443041|197021|158589
6|88|2855123972|221241|183945
19|88|2854798456|218065|177831
7|88|2854553483|199493|157020
29|88|2854241094|196072|153121
4|88|2855531971|204121|161912
25|88|2857424937|198141|150373
13|89|3940574703|239778|196535
20|89|3940370560|202480|159109
23|89|3940463601|167529|122441
28|89|3940157870|194150|151249
25|89|3937591611|227671|167677
26|89|3941107996|224012|178724
19|89|3940033024|242490|187741
10|89|3941074463|240868|199120
11|89|3941158730|248570|201382
30|89|3940867129|246002|204608
1|89|3940842870|221112|171442
17|89|3940567770|199764|153131
4|89|3939425239|234601|182246
16|89|3941470970|233852|193332
7|89|3940278983|227454|173729
29|89|3940228666|223622|171454
21|89|3940768687|196681|140756
12|89|3941342921|183654|135940
8|89|3940993771|247371|199054
6|89|3940670249|239296|187860
24|89|3941071105|237643|189472
14|89|3941246995|201600|157455
22|89|3941242688|225161|179442
0|89|3941849563|229597|176632
31|89|3942016428|229573|185602
2|89|3941229243|230198|177097
9|89|3942288219|223806|171567
15|89|3941215639|225282|180802
5|89|3941932413|231540|144372
27|89|3941850100|231284|186036
3|89|3942077377|244396|195923
18|89|3944885816|239348|193355
13|90|2554796511|194630|166423
25|90|2554597564|176313|141794
9|90|2553626693|183453|146345
1|90|2554477579|199756|170475
2|90|2553757554|181238|150017
16|90|2554436019|155922|124686
12|90|2554238362|192318|157121
15|90|2553684832|195094|166077
5|90|2553694658|179915|130031
24|90|2554316204|189133|158326
6|90|2554366051|190096|162895
27|90|2553750955|172519|144971
14|90|2554325466|138267|111923
29|90|2554689360|143350|112953
17|90|2554826619|175641|142616
3|90|2553557192|191441|158887
8|90|2554583449|173837|143616
11|90|2555004825|186539|147183
31|90|2554310470|191359|160964
26|90|2555555809|176469|145562
4|90|2555354491|185290|153505
10|90|2555465901|181642|147675
7|90|2555290914|196040|165292
28|90|2555891979|169568|141043
22|90|2555018211|159624|128346
18|90|2551426544|197423|164975
21|90|2555542649|186574|153568
20|90|2556229833|191895|166011
23|90|2556429793|173777|141649
19|90|2556379753|193997|158940
0|90|2555968126|154299|125485
30|90|2557652669|175376|140269
18|91|3004733263|223182|182248
26|91|3005093305|213826|182288
30|91|3003004867|208167|162637
2|91|3006253184|233698|194482
17|91|3006053110|199897|157311
11|91|3006010718|228003|190327
10|91|3005761374|223300|177084
8|91|3006265617|214400|174099
29|91|3006485426|228747|190825
25|91|3006985864|225080|186071
31|91|3006738100|215944|180136
28|91|3006342815|184982|144136
15|91|3007301398|236848|203633
20|91|3006153044|208797|168351
5|91|3007239081|217850|163617
12|91|3007477326|222385|177170
27|91|3007318994|224675|184968
9|91|3007889242|215022|155608
24|91|3007914583|235006|196785
1|91|3008130311|212522|158875
13|91|3008309024|230983|192580
0|91|3006278956|201482|160768
19|91|3006660082|230514|186545
14|91|3008316882|207034|163791
6|91|3008603108|230292|185382
4|91|3007984649|238244|202745
7|91|3008801563|229723|185435
3|91|3009977610|203888|156273
23|91|3009330811|195653|157922
22|91|3010803141|217529|185450
21|91|3011402326|201241|153595
16|91|3022843993|213138|176574
4|92|4138497519|245853|196934
10|92|4140774568|268403|220269
9|92|4139714481|249310|192240
14|92|4139001689|256159|213592
3|92|4137294722|254966|209488
1|92|4139568377|259554|211947
5|92|4140300290|248010|177150
24|92|4139708772|271159|221287
2|92|4141610706|286204|244660
30|92|4141784354|251254|208262
8|92|4141284049|266828|219904
31|92|4140724934|279753|236411
11|92|4141601442|268082|217544
0|92|4139899945|264428|214475
19|92|4139866435|290872|245421
28|92|4140941478|247020|199937
29|92|4141494360|254758|201133
27|92|4140835681|273651|230415
6|92|4139723658|258379|200818
12|92|4141058756|266704|212315
25|92|4141776299|248075|197852
22|92|4136868336|236949|184721
13|92|4140592099|260032|214258
21|92|4136370186|249905|190611
17|92|4142626083|248359|197500
23|92|4138391454|229427|170611
16|92|4127008690|244548|196563
15|92|4142545414|273206|232276
18|92|4144171332|286733|236546
7|92|4140423877|280561|230203
20|92|4143671566|234880|196931
26|92|4148877195|237910|193778
9|93|4722832945|346649|281565
5|93|4722658189|282398|188859
20|93|4719282309|291326|225468
31|93|4722480406|304627|238691
18|93|4720419164|321881|246218
11|93|4722468276|313113|247036
25|93|4721928755|323712|256966
12|93|4722018236|336680|268368
19|93|4722317374|323111|255656
23|93|4721369988|280242|203923
13|93|4721899442|295063|215377
29|93|4722345828|295737|212800
1|93|4723018649|323060|253254
14|93|4723085438|286226|207302
15|93|4720837584|316704|247179
4|93|4723452627|294930|229038
3|93|4723179141|294341|222961
26|93|4716071359|289157|215724
10|93|4723513775|303361|231832
8|93|4723009286|288389|222684
2|93|4723144065|306128|240186
16|93|4721205686|277439|206835
6|93|4722612837|300622|231032
30|93|4723305240|286872|218187
24|93|4723468999|306376|231599
27|93|4722861330|312893|244799
7|93|4721145074|286416|215370
22|93|4722717873|271108|203286
0|93|4723282524|332962|264502
21|93|4722677698|285960|199880
28|93|4723775926|310423|230434
17|93|4723056568|321638|241331
28|94|3343587444|242610|201759
8|94|3344739507|225486|188794
17|94|3343713699|214217|159317
14|94|3345156653|215217|171590
25|94|3345390924|207650|155390
18|94|3345442280|214637|168825
1|94|3345341849|212375|149755
11|94|3345518447|219450|167165
27|94|3344786256|221178|182984
24|94|3344809177|227653|166022
9|94|3345715360|234076|181587
26|94|3345230204|211020|172656
19|94|3345609791|242622|204302
2|94|3345244282|225516|175301
5|94|3345962107|224218|163193
15|94|3345583106|196185|146241
20|94|3345992562|195748|150004
31|94|3345914060|227090|183833
22|94|3345177180|224969|184652
0|94|3345099387|218725|171959
21|94|3345002141|217150|151139
10|94|3345744000|216337|171290
7|94|3345449275|218545|180618
3|94|3346092653|220367|172534
23|94|3346667233|248953|206827
29|94|3346654603|211658|166547
6|94|3346272407|236542|192930
30|94|3346392225|208617|163167
4|94|3346796908|203981|159620
12|94|3347285707|223211|158842
16|94|3346817575|199225|158138
13|94|3347804263|224569|182303
29|95|3292666034|222256|183269
15|95|3293664247|218389|177931
26|95|3294183732|213763|170238
11|95|3294274384|236811|195052
24|95|3294266097|229489|192239
2|95|3294107375|251995|216542
23|95|3293138504|197038|156880
7|95|3293713719|242597|204353
20|95|3294124763|221766|181790
8|95|3294813674|205656|157222
1|95|3294486301|233863|193765
19|95|3294317041|237365|197317
10|95|3293865965|220536|175733
18|95|3294570829|241804|208613
13|95|3292244621|194553|148944
25|95|3294777646|204412|156695
16|95|3292883252|224275|186773
31|95|3294409204|233128|195178
4|95|3293218619|226990|188719
12|95|3293004309|224998|184231
5|95|3294587512|198764|144551
6|95|3293648718|228089|187500
14|95|3295277364|221621|183452
17|95|3295455163|211872|160521
27|95|3295317164|226057|189665
22|95|3294973846|232488|190016
0|95|3294985135|209617|168467
9|95|3295466280|236166|181863
3|95|3294722994|242128|202088
21|95|3295380876|206689|141591
30|95|3294786162|225921|188157
28|95|3297400534|247503|209120
26|96|3819391174|235899|195920
4|96|3818873943|249411|211126
14|96|3818698146|230955|190586
12|96|3818984085|238501|193284
21|96|3817867698|234991|148834
17|96|3818666371|195134|153082
15|96|3819912566|246561|207586
10|96|3819398510|238321|191765
20|96|3819374694|199850|163092
23|96|3819588770|248703|208591
19|96|3819554394|249571|204268
0|96|3818531688|247422|202897
31|96|3819382987|237143|197188
3|96|3818575668|249456|210071
1|96|3819782912|241368|196126
6|96|3819257738|223012|189037
13|96|3819680618|207434|165641
9|96|3818808481|258142|213687
11|96|3820121034|196984|159462
22|96|3818959844|225226|183423
28|96|3817486134|245135|208789
5|96|3819644925|194787|134325
16|96|3819913063|219318|174618
2|96|3820338931|247274|202647
18|96|3820173741|206573|160747
30|96|3818389382|222248|178324
7|96|3820386865|227169|183813
29|96|3820897747|221475|183389
8|96|3820401642|236072|196136
27|96|3819613844|237213|193844
24|96|3820760237|246183|209042
25|96|3820631349|238977|190499
17|97|4967484527|379443|321096
22|97|4966914094|381609|327682
7|97|4966566928|356583|293165
19|97|4967343545|379111|317427
24|97|4966319681|377410|320700
27|97|4966423239|369587|317102
29|97|4966588008|374135|291874
0|97|4967371845|374012|320082
30|97|4966707743|384124|325920
12|97|4967752853|387804|339034
20|97|4967759345|338615|278752
14|97|4967897237|398411|340706
31|97|4967589964|363348|311107
5|97|4967226955|359304|298533
13|97|4967497547|392815|344694
10|97|4967962130|359147|310079
4|97|4968234780|324249|262865
8|97|4967055546|370196|307202
15|97|4968038670|405673|356841
18|97|4967341862|378453|308890
9|97|4967863522|375461|307089
26|97|4968714132|352322|303773
21|97|4968529196|320638|251365
2|97|4967727850|382373|328887
6|97|4968246620|403949|329291
3|97|4968390234|401312|346543
25|97|4967628313|346068|268943
23|97|4969091356|357771|303399
11|97|4968821380|366683|294914
28|97|4968959251|373047|318017
1|97|4970427340|380531|322783
16|97|4974208836|351103|304011
6|98|28889372908|959175|479447
3|98|28890334557|1168983|700866
21|98|28890732574|1172177|657526
25|98|28890838420|1325017|848122
12|98|28892458502|1253013|785551
28|98|28890624254|898282|427858
17|98|28892880181|1011563|521838
13|98|28894837536|882804|418775
29|98|28895213598|1250679|795127
18|98|28894742075|1183535|729565
16|98|28887991621|1068417|571971
4|98|28895020144|1158723|692575
0|98|28895516899|951386|496901
31|98|28899095664|1291761|810506
30|98|28899303550|1385178|890892
27|98|28899957250|962838|503974
19|98|28903391538|1458080|972039
7|98|28903570056|1084199|629048
8|98|28903167742|1246083|775197
24|98|28903790181|1075921|617027
1|98|28900742555|1445838|949711
10|98|28903701174|1258101|779121
14|98|28903945419|1431607|962897
11|98|28902490383|1322433|833030
23|98|28902825697|996616|525811
20|98|28904217076|1134529|660965
22|98|28904651943|942497|497430
26|98|28904690536|1148573|675486
9|98|28904946527|1311403|813656
15|98|28905269134|1422760|937018
5|98|28906100446|1239833|751803
2|98|28906931920|1518667|1017871
0|99|24652342984|812389|423586
17|99|24655133431|736417|331749
28|99|24655314498|867190|448514
7|99|24644408472|922593|512766
5|99|24641503838|834191|402832
3|99|24656463553|908335|518217
8|99|24644285473|731488|335749
2|99|24640026182|991102|590836
9|99|24642223165|1044554|638259
13|99|24652740176|757102|358237
14|99|24643736785|974901|570427
4|99|24652457319|770219|381114
11|99|24643673824|1102696|687731
10|99|24643810588|956590|551782
16|99|24652544989|754938|367048
15|99|24642183267|817364|428681
12|99|24655332885|850746|459847
18|99|24652614410|976529|579387
19|99|24644582043|1172490|746504
20|99|24643491522|771814|388595
21|99|24656260203|860986|455172
23|99|24643509676|960260|568237
22|99|24643366837|761407|371591
24|99|24644170212|1084707|668313
25|99|24655652853|1046542|637727
1|99|24643937169|1204839|764475
26|99|24642354545|768993|371092
27|99|24647981015|705903|322506
30|99|24648551930|1269843|828031
31|99|24648574785|939328|542229
6|99|24657463020|900272|504832
29|99|24663817655|991505|581338
