1|0|31462806|0
0|0|31522023|0
0|1|215255352|7219
1|1|273818073|20218
0|1|100781003|19931
1|1|196723146|203076
0|1|208357640|212431
1|1|103287472|57484
0|1|98395930|45994
1|2|195117967|156578
0|2|196779393|156780
1|2|81567396|57494
0|3|66822276|55870
1|3|74968206|55463
0|3|62359421|56570
1|3|58131194|13598
0|3|65567818|11366
1|3|76083161|4050
0|3|52927523|4157
0|3|43187500|8227
1|3|69783702|8096
0|3|61867346|0
1|3|66334792|12562
0|3|65669296|12527
1|3|174413112|30911
0|3|170192615|30878
1|3|88103790|18802
0|3|96470860|18891
1|3|82469058|39272
0|3|70499323|39275
1|3|93729126|39728
0|3|103910038|39669
1|3|76205208|17765
0|3|39917511|17829
1|3|66449249|38831
0|3|115454970|38589
1|3|74370252|0
0|3|73570034|0
1|3|306080574|86330
0|3|303046788|84541
1|3|64331163|38223
1|3|65385742|19323
0|3|93490164|38025
1|3|66034566|0
0|3|100111930|29285
1|3|88297653|42270
0|3|68139200|32165
1|3|80195339|40423
0|3|74165791|40572
1|3|97127937|68984
0|3|110805239|65716
1|3|68793252|28541
0|3|87602939|28290
1|3|84042412|40912
0|3|71951333|40871
1|3|63778005|40583
0|3|82901933|40386
1|3|128468556|20414
0|3|128928049|20556
1|3|180404253|37582
0|3|153426714|38011
1|3|62979691|28876
0|3|86533647|39189
1|3|82403200|29083
1|3|101549902|25526
1|3|111356299|0
0|3|238554411|18876
0|3|169009760|172518
1|3|247449341|147985
0|3|517261454|101488
1|3|489291767|101857
0|3|130484896|28375
1|3|127392494|52974
0|3|100398457|52531
1|3|94339181|26791
0|3|115489121|48892
1|3|104672341|49574
0|3|91011927|34048
1|3|118174844|49797
0|3|89525677|41511
1|3|82560713|25439
0|3|154628232|52442
1|3|128555011|52527
0|3|76742585|43465
1|3|124483721|52568
0|3|132280128|47023
1|3|132339651|37843
0|3|180093019|154947
1|4|184763615|151947
0|4|169943524|158139
1|4|191881448|159268
0|4|281032214|181069
0|5|136540300|112488
0|5|50555944|0
1|5|413446688|177310
1|5|283249007|318022
1|6|91748756|208
0|5|421593817|201324
1|6|69262142|0
0|6|156329685|35847
1|6|122964319|35608
0|6|286283581|389046
1|6|306113847|389834
0|6|97257832|100384
1|8|150144174|100770
0|8|147564649|76591
1|8|127598383|77163
0|8|162158597|173395
1|8|187473494|173697
0|8|125396377|156787
1|9|164302785|158151
0|9|772079172|89648
1|10|776104798|89548
0|10|306113721|173424
0|10|203225475|102502
0|10|73590842|0
1|10|474532934|186669
0|11|212236420|132527
1|11|211391242|217314
0|11|68874183|0
1|12|136817347|27514
0|12|183950155|87312
1|12|135421702|59887
1|12|174802396|210692
0|12|268393775|208918
1|12|75936423|0
0|12|187506500|170493
1|12|270882081|172577
0|12|216287056|173558
0|13|149910890|227579
1|13|291952666|172195
0|13|99385497|0
0|14|166015493|179508
0|14|50626198|0
1|14|270004904|274050
1|15|194795471|223843
0|15|248507154|91943
1|15|87780293|3
0|16|185645081|187712
1|16|149332745|185795
1|16|158782640|103175
0|16|176153467|100793
1|16|52521406|0
0|17|434602339|291165
0|17|110016618|80732
0|17|55443789|0
1|17|798103091|290937
0|18|459961499|135368
0|18|94381377|0
1|18|394376412|215596
0|19|238168017|113389
1|19|206471635|114103
0|19|74182000|0
1|19|94464135|6
1|19|135636285|75962
1|19|70916091|0
0|19|313819660|76994
1|19|322000780|106923
1|19|55014102|0
0|19|361619683|106962
1|19|547032965|436406
1|19|47369472|0
0|19|586301548|434777
1|20|318327159|277629
0|20|369226593|280794
1|20|85294005|0
0|22|2177290674|540424
1|22|2208093341|542054
0|22|238150819|265702
1|24|299792359|337136
0|24|174487892|128495
1|25|91043606|57878
1|26|154148881|106746
1|26|78354922|0
0|25|258135567|106813
0|26|210863325|281715
1|26|467888907|280721
0|26|284563226|309303
1|28|220220731|306184
0|28|228332843|210835
0|29|163594176|123426
1|29|205199580|212917
0|29|68428161|0
1|30|207384540|231979
0|30|145467030|111597
1|30|113698756|16
0|31|165439051|98657
1|31|128359755|99563
0|31|199739600|182565
0|31|187400100|45071
1|31|316957133|185020
0|31|48922487|0
0|31|256288982|232636
0|31|76525266|0
1|31|535470295|278566
1|32|227469536|123927
0|32|418452367|126673
1|32|82357206|0
0|33|135743370|63596
1|33|164917734|63787
1|33|220962071|153228
1|33|56441667|0
0|33|681339256|156659
0|34|322567102|384694
1|34|670948684|392616
0|34|517352507|616110
0|34|88664690|101069
0|34|67371784|0
1|34|692791249|636468
0|36|191909075|85090
1|36|201037022|162327
0|36|60953221|0
1|37|138245330|42174
0|37|221997287|170415
1|37|118504320|121058
0|37|179743550|124090
1|37|193400404|124865
0|37|122647925|76505
1|38|181816130|78928
0|38|238619588|128854
1|38|219799026|129492
0|38|197726626|131492
1|39|228302512|131281
0|39|197883721|73053
1|39|168568410|73432
1|39|663025745|196345
1|39|86788928|0
0|39|959085714|195713
1|40|447309608|509982
0|40|347829863|512719
1|40|57570285|0
0|41|472187003|622422
1|41|489464137|626549
0|41|135819819|87878
1|43|131101618|89859
0|43|101618392|102623
1|44|114542904|103610
0|44|123337223|107306
1|44|120350828|107978
0|44|160587612|115518
1|44|139092205|116341
0|44|179871319|159666
1|44|186653159|159422
0|44|307345064|121314
1|44|291938800|118315
0|44|182531786|143718
1|45|195657377|141022
0|45|219145615|176475
1|45|195835802|176738
1|45|405127890|134731
1|45|84005228|0
0|45|535146780|135473
1|46|284189623|164143
0|46|273611528|163239
1|46|101229083|0
0|46|372461795|302278
1|46|354086680|302095
0|46|91047380|0
1|47|227863960|166891
0|47|275912788|164013
1|47|258031371|190000
0|47|292620104|188968
1|47|215958245|149513
0|48|194541495|150259
0|48|248384897|180997
0|48|56974309|0
1|48|609603880|179126
0|48|536853640|232883
0|48|61645364|0
1|48|426317638|232972
0|49|253318664|204270
0|49|70975460|0
1|49|603732641|202585
0|50|570587621|315483
0|50|83735717|0
1|50|499256140|321570
0|51|371647015|68364
1|51|269542680|66259
0|51|66147574|0
1|51|699215895|33314
1|51|103864514|83910
1|51|37998895|0
0|51|1089248498|120015
1|51|869105583|483763
1|51|75228245|0
0|51|728177590|481103
1|51|2337454321|386260
1|51|58131648|0
0|51|3148309569|386590
1|53|1295973266|1079630
1|53|128114627|207607
0|53|676663357|1079893
1|53|67710313|0
1|53|662556012|465120
1|53|89364524|0
0|53|839723471|669442
0|57|145748883|106561
1|57|270555497|106092
0|57|76516655|0
0|57|125187392|47461
1|57|146005310|46287
0|57|57038015|0
1|57|196186257|192198
0|57|227059700|196029
1|57|192015576|237478
0|58|158137930|232330
1|58|183408874|190569
0|58|212695810|188851
1|58|169035187|119355
0|59|140941628|124371
1|59|145282762|146138
0|59|173632512|145823
1|59|136569775|71300
0|60|135007052|70196
1|60|222394551|170526
0|60|235576423|170177
1|60|135494078|64937
0|60|138391084|64322
1|60|147217086|138114
0|61|190370928|138064
1|61|163437169|116720
0|61|146171866|117515
1|61|401481995|167624
1|61|127179331|95839
0|61|460346317|169411
1|61|60870549|0
1|62|189968270|188340
0|62|220781285|285452
1|62|81532832|0
0|63|171092725|33002
1|63|167074839|63940
0|63|87061685|30662
1|63|585807839|203931
1|63|155682680|103062
1|63|85150865|0
0|63|824243946|205540
1|63|294141333|234110
0|63|274406847|331784
1|63|38700101|0
0|64|174656155|129648
1|64|200854103|127267
0|64|76536203|0
1|65|232961722|196520
0|65|231724754|198934
1|65|159073847|98970
0|66|217310999|97339
1|66|234259642|160894
0|66|204441089|160181
1|66|295460754|305921
0|67|340378495|306652
1|67|200320948|171548
0|68|181881798|168259
1|68|250923836|276194
0|68|241145518|280500
1|68|233655467|211354
0|69|323195017|214854
1|69|223123761|132419
0|70|195204248|125388
1|70|249720967|386937
0|70|267161913|389874
1|70|213344980|203095
0|71|190109419|203767
0|71|474754203|188065
0|71|50215423|0
1|71|720262589|187353
0|72|376695299|465569
0|72|47163148|0
1|72|408986261|466725
0|72|439569657|453219
0|72|47713217|0
1|72|470739881|456259
1|75|349808086|415707
0|75|447321378|421172
1|75|195096256|321333
0|76|235860393|317933
1|76|155285658|142635
0|78|156453239|143106
1|78|173488042|177080
0|78|173999256|175744
1|78|137273721|148648
0|79|136178214|148017
1|79|108934128|112750
0|79|193186623|116795
1|79|693525413|101459
1|79|118099766|162430
1|79|330216982|59111
1|79|40211999|0
0|79|1086340394|100218
1|80|292754022|99555
1|80|63900831|0
0|80|773864899|317235
1|80|777054194|176074
0|80|321015019|176054
1|80|52713830|0
0|81|98791427|1
1|81|176704574|66565
0|81|146532149|66563
1|81|201570166|104640
0|81|235235501|107365
1|81|206634679|112434
0|81|198088373|112359
1|81|159552042|62874
0|82|182395746|62743
1|82|256432779|100763
0|82|216253003|101042
0|82|170473499|106892
1|82|275221158|106065
0|82|83201983|0
1|82|231264356|175925
0|82|339032355|176239
1|82|238058233|272372
0|83|231280996|272873
1|83|194930967|149836
0|83|219337319|148756
1|83|227747039|109269
0|84|241344619|107972
1|84|232542388|210353
0|84|256052347|210161
0|84|252195266|133934
0|84|69996352|0
1|84|660992778|131280
0|85|1229578281|359912
1|85|1106950447|359173
0|85|102227691|0
1|85|516794102|462504
1|85|201219662|87946
1|85|135358653|35132
1|85|53469945|0
0|85|1008716107|465541
1|88|538744914|106829
1|88|80985797|0
0|88|522593139|224479
0|88|390190593|155990
1|88|601988533|160466
0|88|117435790|1
0|89|221797499|95280
1|89|253913017|94641
0|89|82935897|0
1|89|525230613|249715
0|89|494267836|252935
0|89|302128123|173424
1|89|333226244|174374
0|89|85353967|0
1|90|365274479|171040
0|90|402425677|172251
0|91|516919103|246000
0|91|57331342|0
1|90|1048321034|247240
0|91|1445781169|564908
1|91|1090942967|559651
0|91|98780518|0
1|92|1464193786|719664
1|92|540456774|479597
1|92|114671670|0
0|92|2275019117|713825
1|96|710263416|307145
1|96|47224804|0
0|96|887512279|788836
1|98|692159884|48723
0|98|318798871|49134
1|98|72569599|0
0|98|289059483|172132
1|98|289788324|172961
0|98|136502811|12
1|98|258268305|94970
0|98|218459949|94344
0|99|461147508|212739
0|99|69121483|0
1|98|1589912845|208422
0|99|2518156498|1053859
0|99|91487591|114661
0|99|57876962|0
1|99|1988653366|1054083
0|99|1499964042|885184
0|99|59391830|0
1|99|8758501575|1004361
0|106|9956472167|1035576
0|106|127549834|0
1|106|3295224357|1035218
1|108|1860163049|300626
0|108|2833299000|302920
1|108|942862840|334
0|109|848043258|108119
1|109|577613581|106644
0|109|826278298|203675
1|110|638834608|207273
0|110|689797659|130562
1|111|582314440|130434
1|111|1396723964|172026
1|111|91713945|0
0|111|2858810876|172697
1|112|3277628895|1044039
1|112|240806064|460255
1|112|101647579|0
0|112|3311968483|1044243
1|112|2835935310|1525599
1|112|85480998|0
0|112|11012743019|1741429
1|118|16088345914|1612349
1|118|461199234|1000004
1|118|276782342|1000038
1|118|301115080|1000605
1|118|282015775|1000010
0|118|8498413618|1611804
1|118|308145773|1000451
0|118|4112775660|2000230
0|122|572632807|2000025
0|122|512570752|1358896
1|118|5103537479|2000452
0|122|369867402|1000623
0|122|940695496|1075303
1|122|1459176064|2000434
0|122|303655319|1000025
0|122|741462279|1097416
1|122|1059832022|1530385
0|122|349142056|1000028
1|122|789944439|1061624
0|122|830322179|1107686
1|122|317803380|210494
0|155|397513530|415826
1|155|356234720|168118
0|157|406987487|166548
1|157|384713615|190433
0|158|311916631|188055
1|158|460148797|196494
0|159|468885270|195113
1|159|312520529|87750
0|159|328672995|87048
1|159|538257208|284318
1|160|313639348|107007
0|160|681851378|287147
1|160|60592446|0
0|161|851572281|270468
0|161|77711160|0
1|161|918118259|166170
1|162|469557208|191045
0|162|649135875|193196
1|162|631952514|337458
0|162|560367081|335501
1|162|357935707|78164
0|164|403678377|78491
1|164|325608588|86167
0|164|313724683|85390
1|164|391591914|115959
0|164|380340009|118116
1|164|293092254|43267
0|164|288343248|44366
1|164|723348470|174017
0|164|743960940|174064
1|164|420978920|115178
0|165|368290986|114837
1|165|344518633|169363
0|165|354370444|167007
1|165|307401049|194879
0|165|329504653|198262
1|165|407243649|159093
0|165|437360900|160962
1|165|333954576|142063
0|166|336491811|135687
1|166|369830546|215406
0|167|399085446|214453
1|167|312893357|161232
0|167|346378604|170579
1|167|645013506|105224
0|168|639921680|104406
1|168|1134846004|214863
0|168|1132313135|209240
1|168|310567503|123768
0|169|294343594|123136
1|169|368689636|265564
0|169|414870830|266640
1|169|292378850|141614
0|170|357270351|141195
1|170|327608691|141546
0|171|349487512|143584
1|171|312587147|178290
0|171|345217603|176806
1|171|351611603|174900
1|172|334448605|222103
0|172|410864290|174834
1|172|52105412|0
1|172|464753324|222889
1|172|45740780|0
0|172|561392746|272057
1|173|423458380|147315
0|173|386198979|317482
1|173|83482159|0
0|174|366442980|105004
1|174|324809611|103458
0|174|97277326|0
1|174|444215237|249357
0|174|506512043|251785
1|174|347064483|112812
0|175|325791722|112112
1|175|419001690|202806
0|175|482170954|205970
1|175|621490777|289357
0|176|728901272|284715
1|176|318806519|166739
0|177|348122981|170531
1|177|372111421|243830
1|177|323695270|159299
0|177|400956050|243888
1|177|46892458|0
0|178|489866971|362116
1|178|532058263|204861
0|179|95903109|0
1|180|379550878|245020
0|180|389295692|245847
1|180|334760568|200409
0|181|548486261|245043
1|181|338028428|84623
0|182|113579638|38439
0|182|331254926|177956
0|182|86761882|0
1|182|538905090|183668
1|182|961857537|321127
0|182|1178928328|323459
1|182|462909942|384582
1|184|329450038|128126
1|184|64915225|0
0|184|1263135896|389458
1|186|1166405035|246650
1|186|97770779|0
0|186|1572703123|370345
1|186|1393311535|160802
0|186|623393047|162589
1|186|84940306|0
0|187|324663164|46213
0|187|218720937|123089
0|187|61948938|0
1|187|1691519908|167949
0|188|2242933590|1020017
0|188|217861159|581190
0|188|64817095|0
1|188|1500943582|1019987
0|188|1770635856|1490168
0|188|109239183|0
1|188|1846555769|1722057
0|194|739444051|712494
0|194|63714886|0
1|194|804950654|1066290
1|198|708557352|529853
0|198|779022744|531740
0|200|435453046|318934
1|198|443726389|261066
0|200|86787877|0
1|200|648345816|333240
0|200|581143151|279019
1|200|316485642|119765
0|202|347222281|119629
1|202|303479502|178719
0|202|314474245|177240
1|202|383100357|281233
0|202|394834041|281087
0|203|764049987|155470
0|203|84117817|0
1|202|979453743|154475
1|203|592386712|442842
0|203|663743982|441337
1|203|466142974|533716
0|204|554180592|678913
0|205|87769479|0
1|204|311061540|145034
1|205|1151510295|443163
0|205|1310210981|444447
1|205|528772410|481244
0|205|606925628|481555
1|205|314052016|210455
0|207|374233833|212765
1|207|399797016|242621
0|207|399916098|242480
1|207|440825112|388037
1|208|321852775|110305
1|208|65893761|0
0|208|2372317795|384053
1|208|2622644657|189402
1|208|105768445|0
0|208|1840943296|302473
1|209|1386962204|92323
1|209|99686388|0
0|209|733669364|92913
0|209|797961088|202116
0|209|78726056|0
1|209|1125997734|204690
1|209|464832100|137201
0|209|784283819|137482
1|209|685123249|465896
1|210|419498110|146093
1|210|56711421|0
0|210|1572377376|470356
1|211|1282071924|350187
1|211|52129296|0
0|211|1072684510|490895
1|212|829857871|85565
0|212|570495419|87685
1|212|94271632|0
0|212|540157596|24228
1|212|488263554|97002
0|212|198467637|74873
1|212|437008431|32303
0|212|540666512|32223
1|212|530914912|241541
0|212|527999365|239762
1|212|577440873|210817
1|212|471741564|71188
0|212|798078923|207907
1|212|67685859|0
1|213|632358951|329755
1|213|73341525|0
0|213|2291659614|404000
1|214|2260257866|131911
1|214|70091177|0
0|214|1268865564|132432
1|215|1357405177|236447
1|215|86740193|0
0|215|1222656281|235207
1|216|1237508731|102572
1|216|68184298|0
0|216|1052970625|103560
0|216|1296593225|139009
0|216|74633022|0
1|216|2796471263|137412
0|216|3595913177|1042030
0|216|149758722|336161
0|216|84114561|0
1|216|2458173824|1042148
0|216|8386115654|1597532
0|216|82217913|0
1|216|13943192220|1653415
1|220|5489017410|1181479
0|220|11465461677|1181715
1|220|10486939816|2000008
0|220|10556265543|2000038
0|220|1223315483|2000423
0|220|649621327|1134257
1|220|2467976943|2000009
0|220|285390265|1000296
1|223|825728937|1153096
0|223|911450771|1018918
1|223|698666105|1098940
0|223|639834630|1098763
1|223|601603412|1076237
0|223|565844402|1076010
1|223|531050214|1037074
0|223|369570162|335947
0|223|497649837|161843
0|223|67182479|0
1|223|632357876|1034793
0|247|478148191|263943
0|247|69120368|0
1|247|635472145|968827
1|254|648763216|526431
0|254|819388383|526098
1|254|822837688|678753
0|255|766572913|677948
1|255|250243940|140950
0|256|363996674|202611
1|256|353506573|185968
0|257|301178961|128565
1|257|427378108|215445
0|258|506847460|215901
1|258|299050753|81113
0|259|313740354|81961
1|259|360795064|176493
0|259|387151582|175936
1|259|286612293|186235
0|259|367431059|186384
1|259|289219953|95635
1|260|338115485|224422
0|260|362882777|95139
1|260|110709395|0
0|260|417818508|219112
1|260|582276327|381818
1|260|350882355|160531
0|260|614273630|382787
1|260|54308205|0
1|261|399421974|247308
0|261|449761528|405615
1|261|78510220|0
0|262|301227339|137141
1|262|253849146|134469
0|262|158328014|10
1|262|459749209|217374
0|262|367454743|219363
1|262|257737100|111563
0|263|304918804|114513
1|263|322732892|186022
0|263|374755510|183761
1|263|1131900482|178349
0|263|1194526819|178395
1|263|359446651|169142
0|264|361684518|165619
1|264|465783241|219221
0|264|484309064|220325
1|264|259684499|173512
0|265|278191514|167739
1|265|281860326|136882
1|266|243552139|93316
1|266|50066565|0
0|266|350630756|139616
0|266|368455742|312097
1|266|426790772|214447
0|266|76275904|0
1|267|289767886|209795
0|267|339968340|203630
1|267|298168357|85588
0|268|314625759|85490
1|268|558192054|217650
0|268|523092077|219296
1|268|338743721|316075
0|269|375514809|315890
1|269|286658317|96416
0|269|280850139|97323
1|269|366328355|254106
0|270|388366360|254737
1|270|240332008|65853
0|271|261425347|65397
1|271|234629119|110253
0|271|280769814|110227
1|271|247581017|105035
0|271|284308901|106425
1|271|620644795|213897
0|271|622600864|216165
1|271|241217941|119889
0|272|252270571|121323
1|272|506402756|81489
0|272|505691474|81118
1|272|248515376|64449
0|272|248048403|63909
1|272|276269981|114590
1|272|266047226|153235
0|272|311299418|114642
1|272|51393472|0
1|272|361012416|236155
0|272|448150575|386056
1|272|55513757|0
0|273|353176050|312394
1|273|394935317|311569
0|273|87238668|0
1|274|212820611|71983
0|274|285392421|72103
1|274|310854394|117581
0|274|313451708|116550
1|274|301141484|129538
0|274|352676614|130399
1|274|247577454|118395
0|274|313427576|118033
1|274|298725637|95628
0|275|273858443|94109
1|275|396036157|199145
0|275|384768819|198046
1|275|287056768|89635
0|276|343620378|91263
1|276|464176435|260067
1|276|310290039|100207
0|276|582330615|264484
1|276|72552172|0
1|277|282594464|17572
1|277|64708032|0
0|277|398168534|116992
0|277|372105104|71493
1|277|472586282|72487
0|277|170276787|1
1|277|272632638|77055
0|277|256073874|75950
1|277|317626102|31803
0|277|323036161|31584
1|277|320753561|58900
0|277|384366999|58683
1|277|462479581|236471
0|277|2420793428|232018
1|277|3738084612|174481
0|277|1692677906|174031
0|277|1078729629|185706
0|277|135950606|0
1|277|1973875998|186056
0|277|1731097173|1037979
1|277|1104304117|1037913
0|277|120758964|281029
1|277|1108984589|1410782
0|277|1190924860|1130386
1|277|276277207|207176
0|286|302904171|206360
1|286|257324690|81740
0|287|266338236|81059
1|287|312667145|194428
0|287|316248739|194421
1|287|289971657|182806
0|287|323517697|181861
1|287|315296059|187264
0|288|329857711|191453
1|288|291011756|242504
0|289|280643133|244447
1|289|256868955|160573
0|290|313166111|159045
1|290|353434935|183534
0|290|425125194|186261
1|290|379543823|348432
1|291|186066587|48936
1|291|149634287|146470
0|291|394657230|339735
1|291|61497136|0
0|291|402600915|457801
1|291|359078877|253272
0|292|102825829|0
1|293|255610073|129615
0|293|236989206|128251
1|293|326342037|208182
0|293|335671367|206711
1|293|234054998|79187
0|294|234862452|76941
1|294|908710724|196520
0|294|876178930|195817
1|294|312023889|242763
0|295|319093387|240969
1|295|227200209|101452
0|295|268644196|101361
1|295|287027063|111251
0|296|302328597|111127
1|296|251888969|168370
0|296|286684438|173467
1|296|713936457|197109
0|296|755545612|196978
1|296|361807679|103908
0|297|414125618|101343
1|297|436544108|220585
0|297|421225878|222345
1|297|291423096|257726
1|298|177514787|83148
1|298|40177974|0
0|298|313682345|258568
1|299|305386788|171098
1|299|35677719|0
0|299|309151114|249043
1|299|256004414|192247
0|299|309209446|191465
1|299|68786854|0
0|300|77970982|0
1|300|273452934|211321
0|300|290865815|221330
1|300|216950236|179193
0|300|263510961|178413
1|300|450143889|158932
0|301|491459537|153695
1|301|224695218|96098
0|302|244722150|99115
1|302|271591897|292823
0|302|314992770|299936
1|302|254713977|162174
1|303|271887226|191947
1|303|38824887|0
0|303|355791453|157026
1|303|260395535|176799
1|303|61615277|0
0|303|383257420|365213
1|304|355565050|175344
0|304|286532700|176674
1|304|59580654|0
0|305|195837534|38171
1|305|256833118|174189
0|305|129200142|139002
1|305|370782861|310561
0|305|375128150|319313
1|305|225998261|164276
0|306|267861598|159489
1|306|241795906|143777
0|307|251344191|141211
1|307|219236843|174949
0|307|230158895|171749
1|307|338432613|306376
0|308|366854852|311251
1|308|179030854|82853
0|309|211958315|83559
1|309|242018386|208756
0|309|257872571|210861
1|309|316275099|195140
0|310|334718563|187377
1|310|1511804513|180354
0|310|1635635813|180878
1|310|544622807|179984
1|311|251606231|141301
1|311|54905606|0
0|311|844600930|178435
1|312|557019159|228112
1|312|161467779|0
0|312|895814937|368971
1|313|821536935|86401
1|313|63860455|0
0|313|624534017|86883
1|313|490395345|8653
0|313|297120131|8721
1|313|50122738|0
1|313|228816156|17139
0|313|278241507|3504
1|313|44173959|0
1|313|196736308|16969
1|313|58465450|0
0|313|320792040|17083
1|313|288776908|8510
1|313|57553348|0
0|313|290756257|22104
1|313|262392013|26420
1|313|63918621|0
0|313|346259667|26422
1|313|266226921|37901
1|313|54771863|0
0|313|357461470|38521
1|313|263988364|18683
1|313|59124471|0
0|313|311295476|19112
1|313|269927132|38478
1|313|54181380|0
0|313|366095259|38349
1|313|377194903|40709
1|313|24369200|0
0|313|427041179|40715
1|313|457248379|16559
0|313|350769085|16822
1|313|58889024|0
1|313|293125144|34196
1|313|41771744|0
0|313|402811817|6459
0|313|417529802|60365
1|313|493760620|33669
0|313|150854128|1
1|313|308276731|16831
0|313|295246820|16705
1|313|313012093|33730
0|313|318385724|33540
0|313|208531107|11611
0|313|45600964|0
1|313|340493410|11665
1|313|405957687|119004
0|313|442262013|117865
1|313|319434298|62274
0|313|323582471|63010
1|313|286392122|36369
0|313|292785836|36607
1|313|274513558|21689
0|313|292232884|21968
1|313|332765816|38008
0|313|304947012|38019
1|313|288494482|38056
0|313|310258736|39011
1|313|276049645|20389
0|313|291079276|20472
1|313|352112623|60610
0|313|349957379|62499
1|313|316206570|89312
0|313|331403018|89844
1|313|299120673|20105
0|313|298327359|20051
1|313|284196843|39141
0|313|382935017|40051
1|313|302227548|40103
0|313|310039473|40188
1|313|266262699|20315
0|313|295469872|20073
1|313|512053900|38275
0|313|401890978|38270
1|313|291193178|34644
0|313|302905216|35511
1|313|340810055|17721
0|313|322874058|17986
1|313|329461115|35800
0|313|316175044|35529
1|313|323111666|38048
0|313|329748868|38285
1|313|318195258|17598
0|313|321579261|17628
1|313|353378809|36071
0|313|329295521|36991
1|313|354418723|36705
0|313|358378037|36550
1|313|336519954|18009
0|313|320068613|18243
1|313|372103354|162649
0|313|426452253|165392
1|313|360518872|60657
0|313|363848234|59387
1|313|389984353|75300
0|313|373987151|75069
1|313|376341356|63152
0|313|396399404|63356
1|313|343621633|28466
0|313|354825835|28741
1|313|361746885|52911
0|313|362171936|52966
1|313|415540944|45973
0|313|430898297|46082
1|313|361527620|23671
0|313|356318864|23292
1|313|608391871|51032
0|313|469688472|51401
0|313|481532184|34246
1|313|520139722|34087
0|313|48711652|0
0|313|514467650|42859
1|313|537137002|42404
0|313|72963808|0
1|313|518307524|67854
0|313|798187984|67624
1|313|573697676|86210
0|313|592913071|85894
1|313|493086460|20316
0|313|478166012|20476
1|313|482637086|44276
0|313|483210730|44006
1|313|524729845|42882
0|313|511057371|43208
1|313|494730312|19219
0|313|465488920|19232
1|313|512431906|43778
0|313|521331928|43776
1|313|583274732|22419
0|313|547936159|22552
1|313|1190391350|43013
0|313|1104923211|42790
1|313|503563875|42746
0|313|434784915|42721
1|313|378865305|44981
0|313|405064517|45145
1|313|456536058|113143
0|313|434996756|112807
1|313|511596367|92005
0|313|450979913|91814
1|313|417649489|48684
0|313|416809919|47816
1|313|417754773|89194
0|313|418444789|89337
1|313|427563525|96904
0|313|432583688|96965
1|313|394976287|42213
0|313|378653875|42440
1|313|437163324|88050
0|313|439161293|87889
1|313|424694044|47863
0|313|422896178|47645
1|313|482227757|79374
0|313|453801929|79164
1|313|406488567|84562
0|313|422979342|84689
1|313|427097840|42451
0|313|417093734|42451
1|313|455270723|97676
0|313|501919080|97535
1|313|430131613|83759
0|313|447298845|83874
1|313|469925077|50359
0|313|458911283|50244
1|313|481404803|88694
0|313|504386723|88355
1|313|500366773|82071
0|313|467691110|82434
1|313|405830317|47041
0|313|390358461|47182
1|313|468414959|79467
0|313|484925957|78920
1|313|396323053|39884
0|313|422487748|40598
1|313|469096672|81059
0|313|472865296|80658
1|313|741702524|69907
0|313|756656125|70090
1|313|453752036|37768
0|313|474885538|37746
1|313|662335755|147837
0|313|529120363|147801
0|314|716631625|380369
1|313|743604188|386237
0|314|80038192|0
1|314|615626527|161645
0|314|560926702|162622
1|314|544746709|259381
0|315|842606415|376183
1|315|708270876|353847
0|315|499297465|240999
1|315|414584996|120452
0|315|429031078|121733
1|315|435228573|80505
0|316|428823431|80591
1|316|477968805|92456
0|316|446161173|92863
1|316|436766532|146059
0|316|476209583|146302
1|316|404519037|29693
0|316|397458822|29778
1|316|580000594|321026
0|316|604704297|319784
1|316|425338162|73752
0|316|417395518|74590
1|316|507265621|188369
0|317|513254664|189021
1|317|408959836|80769
0|317|412875503|80679
1|317|490682676|170993
0|317|484122130|170918
1|317|1747442053|130367
0|317|1782835431|128632
1|317|1352909914|80918
0|317|1220622330|81512
0|317|837227717|205076
0|317|47872506|0
1|317|1163633380|142395
0|318|1246455685|231576
0|318|61352664|0
1|318|1419160501|291725
0|318|6042757455|832078
0|318|64104666|0
1|318|7522000972|832339
0|321|3407522627|1122997
0|321|74698857|0
1|321|2158991491|1123204
1|324|5187229838|2000088
0|324|5638207408|2000018
1|324|1455885040|1470723
0|325|1749683726|1469786
1|325|424523024|1030272
0|325|570048761|1069591
1|325|463275802|1039770
0|325|261702897|1000011
1|325|533306845|877672
0|339|551015629|880487
1|339|412186609|216302
0|345|413299721|218775
1|345|310318685|135944
0|346|325043673|133897
1|346|282681791|86691
0|347|311774292|86767
1|347|421413727|157372
0|347|372567976|155708
1|347|396078291|261197
0|347|417463968|259274
1|347|619012984|137785
0|347|602751237|138270
1|347|398021574|154798
0|348|388114094|155186
1|348|399746175|208829
0|348|387662613|207982
1|348|407919678|226982
1|349|415816800|218477
0|349|644097439|229208
1|349|59222405|0
1|349|347992376|129358
1|349|82736130|0
0|349|621577189|348482
0|351|517472933|241406
1|351|708588793|244555
0|351|64962740|0
1|351|335434350|130269
0|351|451180853|129651
1|351|438998715|72395
0|352|275790929|74190
0|352|426786536|251546
0|352|75520585|0
1|352|856248350|248223
0|352|841974233|326429
0|352|54222101|0
1|352|564275590|329612
1|354|2806004915|1046088
1|354|520917908|636813
1|354|40114297|0
0|354|3928468848|1047015
1|356|912724059|96542
1|356|71728923|0
0|356|736388589|726059
0|358|425684484|306349
0|358|72130519|0
1|358|807857503|300811
1|359|325649385|96708
0|359|398314559|96444
1|359|526869885|338079
0|359|519445858|339839
1|359|349299652|250334
0|361|344395705|249931
1|361|317230803|98861
0|362|345815048|98661
1|362|305924197|134807
0|362|348081270|133232
1|362|377847937|256079
0|362|368925019|258410
1|362|343911234|200647
0|362|450314545|199388
1|362|345836402|184106
0|363|339739909|183741
1|363|505738211|155297
0|363|512955156|156867
1|363|344625738|219729
0|364|357451134|220148
1|364|400788238|103862
0|365|358032063|105333
1|365|360437022|203285
0|365|371309375|201416
1|365|353461976|288531
0|366|379690135|285508
1|366|352991347|128680
0|366|332902874|127165
1|366|293333247|104176
0|367|298219117|104428
1|367|306549627|110202
0|367|286560583|109120
1|367|318468159|203137
0|367|332189107|202722
1|367|378078197|179164
0|367|362755592|181828
1|367|318157453|134425
0|367|329388529|134031
1|367|333114337|138279
0|368|335593547|139908
1|368|361988387|264494
0|368|357726818|264364
1|368|367616961|171092
0|368|366651738|169979
1|368|306092517|117469
0|369|293110812|116492
1|369|354319257|148528
0|369|315137347|147301
1|369|302976366|95430
0|369|295914458|94399
1|369|811859367|242031
0|369|858625342|245587
1|369|318132735|77226
0|369|308879675|77010
1|369|368592143|237021
0|370|385803954|233956
1|370|352640980|153010
0|371|301849613|151543
1|371|380076512|284261
0|371|406039883|286077
1|371|333626198|160200
0|372|321050118|158818
1|372|370860059|233833
0|373|365794711|232747
1|373|289626386|86772
0|374|242657778|87042
1|374|380186678|203802
1|374|275493222|19328
1|374|77240623|0
0|374|897741031|202009
1|374|790617892|246977
1|374|57067091|0
0|374|615534010|268340
0|376|415414005|106042
1|376|460871999|108532
0|376|46543364|0
0|376|389096479|163159
0|376|37119215|0
1|376|569144568|166910
0|377|527199266|198109
0|377|58717121|0
1|377|758816973|194972
0|377|1121778200|857445
0|377|68783489|0
1|377|993094944|855847
0|380|901292484|1118705
1|380|851784475|1124788
0|380|53036531|0
1|383|430020066|473044
0|383|434578665|475854
1|383|367425566|300633
0|385|377920289|300573
1|385|322730808|138103
0|386|342874436|136525
1|386|379198083|239045
0|386|325755751|237615
0|386|2150873586|232176
0|386|68495967|0
1|386|2463329772|229338
0|387|969127683|464759
0|387|90857981|0
1|387|943963889|463143
0|388|1050048843|718055
0|388|84196939|0
1|388|1172313121|715897
1|390|673599599|776092
0|390|872957365|772958
1|390|466822414|781099
0|393|501655960|780422
1|393|252900129|106960
0|395|243281161|108044
1|395|309390924|291532
0|395|321949270|288348
1|395|271757187|150430
0|395|274181303|148704
1|395|327345007|154876
0|396|354248997|154757
1|396|295538829|238029
0|396|280242225|243089
1|396|275331782|218119
0|396|309324203|217187
1|396|253983427|166482
0|397|265707271|164318
1|397|308105710|189845
0|397|311417305|190443
1|397|252700962|186606
0|398|214026167|187978
1|398|296061879|178706
1|398|263200541|100280
0|398|488605141|180058
1|398|41595488|0
1|399|699000968|233413
1|399|60823952|0
0|399|789550159|335247
0|400|335110189|298741
1|400|410281039|304031
0|400|82235347|0
1|401|275583108|111530
0|401|267930075|111275
1|401|307325745|204611
0|401|324261490|206545
1|401|266898561|164686
0|402|312902355|163817
1|402|251025057|72288
0|402|234481384|71787
0|402|468020561|363118
0|402|60454906|0
1|402|654142746|363749
0|403|385087348|186971
1|403|380956042|186032
0|403|61064148|0
0|404|536332841|854968
1|404|593780874|851124
0|404|76871995|0
1|406|291319916|299229
0|406|327844629|298859
1|406|219498621|86671
0|408|220105590|86615
1|408|325462505|178259
0|408|341607278|174833
1|408|259967998|137797
0|408|223715615|136899
1|408|342230667|278413
0|409|344936274|278625
0|409|237716634|122254
1|409|290945770|122733
0|409|56970937|0
1|410|343248077|305488
0|410|341533350|304624
1|410|293376083|301052
0|410|301086896|299250
1|410|234359422|83709
0|412|256240936|84196
1|412|307326338|125189
0|412|360541195|128371
1|412|262916535|266046
0|412|289294246|269524
1|412|260484667|151066
0|412|240363307|150060
1|412|326345450|263390
0|413|285685823|261558
1|413|180458072|68870
0|413|204466301|68437
1|413|1537119558|282037
1|414|195732076|85566
1|414|72757940|0
0|414|1953881871|283483
1|415|667007747|252083
1|415|62061038|0
0|415|1035424842|339525
1|416|955317235|154594
1|416|66544547|0
0|416|648798309|153820
1|416|592598796|184807
1|416|58906355|0
0|416|615589847|188659
1|417|601465292|238978
1|417|66198974|0
0|417|834781694|235481
1|418|740511892|143820
1|418|48429923|0
0|418|639879834|143527
1|418|722593091|215132
1|418|134976781|0
0|418|750941726|213087
1|419|478112272|169680
1|419|144303805|0
0|419|805441760|169376
1|420|707371495|136435
1|420|66470607|0
0|420|624784698|139192
1|420|581501924|227271
1|420|44223256|0
0|420|602740796|224905
1|421|508194077|109775
1|421|78096290|0
0|421|550760243|110936
1|421|613912457|258007
1|421|74300335|0
0|421|833468329|259550
1|422|708929485|60521
1|422|62130292|0
0|422|617945521|60993
1|422|625600888|243577
1|422|69856950|0
0|422|695773289|237302
1|422|796288397|250717
1|422|61889183|0
0|422|1076137694|250452
1|423|743762825|156344
1|423|76218260|0
0|423|721652848|154669
1|424|714230937|104946
1|424|73237278|0
0|424|703858937|106932
1|424|665007553|204477
1|424|57776275|0
0|424|730459084|211462
1|425|748969422|135402
1|425|81136730|0
0|425|765235986|135536
1|425|707865052|257208
1|425|78757037|0
0|425|1428174336|253734
1|426|1426812959|229995
1|426|67217992|0
0|426|1344141024|230065
1|426|1378869581|170002
1|426|79169848|0
0|426|1173548112|170157
1|427|1004881966|254496
1|427|57100133|0
0|427|1232521874|251974
1|427|1265779431|16134
0|427|915975875|15596
1|427|86296551|0
1|428|975512760|337539
1|428|120623935|0
0|428|1445241582|335780
1|429|1385161448|69460
1|429|100659485|0
0|429|1266134451|68407
0|429|1088869287|102566
0|429|93619881|0
1|429|1362014019|103500
1|429|694634842|15154
0|429|961125436|15100
0|429|2124622760|555045
0|429|57967366|0
1|429|2455310623|552779
1|431|1016776582|145471
0|431|1176388516|148633
1|431|1423425245|532524
0|432|1608830776|534938
1|432|888994117|154055
0|433|1170719238|152903
1|433|1035901899|145337
0|433|1146505559|143447
1|433|1041983458|305257
0|433|1279941545|305577
1|433|1066197694|108309
1|433|1127857060|229631
1|433|73918929|0
0|433|1566857536|107516
1|434|1311019947|309615
1|434|53304000|0
0|434|1453790925|545818
1|434|1107366678|88601
1|434|50920797|0
0|434|937065186|88897
1|435|996657572|145807
0|435|979531536|145495
1|435|62392629|0
0|435|696610198|12740
1|435|726255229|48193
0|435|294289993|36421
1|435|586867118|36754
0|435|706222586|36799
1|435|883110504|423822
0|435|1011097294|416081
1|435|830091479|147499
0|435|1099082499|147456
1|435|960711013|110838
0|436|1149825061|109971
1|436|1592803708|300852
1|436|929872296|120557
1|436|116144057|0
0|436|1963622729|303206
1|436|1438654473|229529
1|436|124329362|0
0|436|1631081265|352389
1|437|2561284823|235683
1|437|75088570|0
0|437|2462732259|235266
1|438|3109865222|132264
1|438|107382942|0
0|438|3064452076|131112
0|438|1260554366|188572
1|438|1344429965|189647
0|438|116675041|0
1|438|673806802|16218
0|438|857015820|16107
1|438|1170945590|368317
0|438|1638920025|365156
1|438|893878744|67226
0|439|1054310026|69068
1|439|881224213|104104
1|439|865483390|131431
1|439|69507113|0
0|439|1053922001|104475
1|439|1076305883|296197
1|439|61065670|0
0|439|1421671893|431162
1|439|1389774629|147388
1|439|82246070|0
0|439|1211563910|147401
1|440|1082085671|61854
1|440|55477190|0
0|440|1141929713|60665
1|440|1144449298|156371
1|440|96729865|0
0|440|1214075782|156325
1|440|1241169924|191237
1|440|87707206|0
0|440|1373901773|189232
0|441|4600570309|262978
1|441|4752808343|258605
0|441|64375277|0
0|441|2187806412|181608
0|441|117503590|0
1|441|2426825587|180785
1|442|2195588985|258572
0|442|2422028045|255427
1|442|3733810060|456476
0|442|4494645865|473604
0|443|336302280|70612
0|443|69951138|0
1|442|1399600439|90941
1|443|1883868213|353730
0|443|2343334938|359919
1|443|2694641560|334560
1|443|1588706781|76383
1|443|65868310|0
0|443|4948973323|354015
1|444|3224665955|155733
1|444|77194024|0
0|444|3254705662|207840
1|444|3711827957|297119
1|444|65825478|0
0|444|3340413547|297394
1|444|2159748122|62106
1|444|81216512|0
0|444|1854975938|62783
0|445|1816835085|160569
1|445|1983596737|159454
0|445|123017889|0
1|445|1545912153|70406
0|445|1660968018|68766
1|445|1768331147|152258
0|445|2004710066|153423
1|445|2991891316|350724
0|445|3006779691|349956
1|445|1632018089|100819
0|446|1670618116|103439
1|446|2276946916|359700
0|446|2641672019|359972
1|446|1686921905|115996
0|446|2208554935|117908
1|446|1852795719|134146
0|447|2383362722|130704
1|447|2702600979|234794
0|447|2186977600|230194
1|447|2653167361|362209
0|448|2013476776|369557
1|448|1489803779|118752
0|449|1323243439|119403
1|449|2216860193|273200
0|449|1864382118|267494
1|449|1700675731|163936
0|450|1581909645|159660
0|450|1747792482|301419
0|450|71568788|0
1|450|2494621612|294609
0|451|2301580680|656233
1|451|1793938625|658777
0|451|82865764|0
0|452|3787658467|1396254
0|452|94692349|0
1|452|4741773811|1395703
0|457|2634498784|929520
0|457|105950856|0
1|457|2151326312|930616
0|458|5054419525|1588400
0|458|173348796|332626
0|458|77204971|0
1|458|6445089974|1588332
0|461|4909198860|1227934
0|461|264588128|688819
0|461|73265344|0
1|461|5597171308|1228013
0|465|9529109338|1839428
0|465|338816063|1000051
0|465|188172925|576109
0|465|98189464|0
1|465|8797908449|1839846
0|465|6392652789|2000034
0|465|223394163|1006892
0|465|139419660|501899
0|465|68769166|0
1|465|9813785969|2000001
0|465|9740155904|1416235
0|465|541631906|1000020
0|465|397801933|1000041
0|465|343769431|1000028
0|465|548961106|1000029
1|465|8216623021|1422419
0|465|505149857|1000021
0|465|6963835575|2000045
0|465|768559491|1851334
0|465|66926504|0
1|465|8503597428|2000039
0|465|1262632290|1055914
0|465|108925137|0
1|465|1373309756|2000045
0|465|1584792988|875426
0|465|55248422|0
1|465|1543962585|1380172
0|465|1163866779|1035049
0|465|55996135|0
1|465|1093126659|1243870
0|471|863570968|641032
1|471|869004453|1169612
0|471|54716822|0
0|471|635023756|459054
0|471|63075036|0
1|471|778706719|1100110
0|480|1316131306|531191
0|480|73121359|0
1|480|1377010290|1121643
0|480|767844598|599121
0|480|58984291|0
1|480|832073034|1133052
0|489|691136918|403959
1|489|750719196|1101147
0|489|105662701|0
0|489|1043631127|500330
0|489|56031309|0
1|489|1278610555|1120178
0|489|990250103|664673
1|489|882902076|1158018
0|489|53922051|0
0|489|943839600|578534
0|489|67730531|0
1|489|1127019286|1142323
0|489|752097336|463600
0|489|117132484|0
1|489|895568968|1115145
0|514|1013756566|760110
0|514|97922439|0
1|514|1068366854|1170477
0|518|887655662|627202
0|518|58831992|0
1|518|865654485|1157595
0|522|587548015|389679
0|522|91024372|0
1|522|729499841|1095573
1|530|2690726131|1153934
1|534|656747229|1151372
1|539|257067680|1000017
1|543|132428752|252686
1|543|58075675|0
0|530|4514758912|608618
1|545|1142227151|262826
1|545|85677271|0
0|545|2257433513|882872
1|547|2290911364|67445
1|547|87577959|0
0|547|901770889|68916
0|548|611665965|266479
1|548|1007527748|264940
0|548|240813959|5
0|549|362326364|87613
0|549|75288464|0
1|549|490611943|87164
1|549|676684844|400014
0|549|759245831|396529
1|549|685087021|341191
0|550|612527158|338503
0|551|551461820|243000
0|551|88036440|0
1|550|685353183|240705
1|552|678063432|298993
0|552|749285474|299978
1|552|561991286|371311
0|552|709863335|369758
1|552|419760917|68479
0|554|437271224|69828
1|554|541228565|218046
0|554|556400499|224886
1|554|430129357|77542
0|555|435472554|75939
1|555|558109838|139179
0|555|535121751|136033
1|555|503318597|216419
0|555|521037557|216026
1|555|559411351|220601
1|555|499575858|214406
1|555|69628543|0
0|555|1000191478|220955
1|556|620605286|133202
1|556|72641258|0
0|556|709708721|346170
0|557|539274479|263850
0|557|437703557|5359
0|557|56215869|0
1|557|1156518607|259321
0|558|599143757|123479
1|558|623563408|133239
0|558|53176770|0
0|559|947254562|487912
0|559|53947634|0
1|559|1184026656|486276
1|560|763940470|569009
0|560|1121259713|565346
1|560|637188045|543750
0|562|670305726|580599
0|563|235914351|128268
0|563|81654266|0
1|562|544485469|157773
1|564|577535667|287598
0|564|672023907|282230
1|564|676623885|401839
0|564|683273564|403407
1|564|514169078|232839
0|566|499930080|235873
1|566|466918216|136541
0|567|489780125|134067
1|567|527851090|173509
0|567|544841708|171921
1|567|746940084|142123
0|568|672121329|147175
1|568|575518099|283167
0|568|600089636|284524
1|568|449857056|101470
0|568|470822286|101916
1|568|537178984|216236
0|569|641077285|216231
1|569|439281370|82716
0|570|473879451|82940
1|570|577282201|159487
0|570|639978903|154700
1|570|576686429|287826
0|571|605501304|283314
1|571|487006761|114890
0|572|450291849|114905
1|572|728022095|283332
0|572|565660934|284614
1|572|523997203|122154
0|572|531340293|122168
1|572|772949960|242301
0|573|774133443|245785
1|573|683920129|102857
0|573|640838973|102659
1|573|593508949|171860
0|574|589006176|173365
1|574|590188444|199075
0|574|663522835|196545
0|575|1366976470|121141
0|575|97857040|0
1|574|2191225529|119635
0|575|2496475236|1062359
0|575|91148212|132497
0|575|80491403|0
1|575|2620462107|1062397
0|575|5513731634|1429376
0|575|110101714|16651
0|575|98790286|0
1|575|6534118293|1429480
0|580|3144816831|1452977
1|580|1996630720|1452777
0|580|355066838|1000021
1|580|1992620573|1713490
0|580|1898086048|1713767
1|580|634962749|1061096
0|580|647196740|1061275
1|583|559762995|1023535
0|583|592995977|1023260
0|583|502861681|387930
1|583|679289473|1035783
0|583|97742219|0
0|588|409119711|142401
0|588|61051566|0
1|588|571538786|645595
0|592|652390704|267581
1|592|652318609|267202
0|592|118683719|0
1|592|507031190|378555
0|592|517504534|371162
1|592|403755853|188330
0|593|453850020|185509
1|593|340269573|72734
0|593|350639780|72919
1|593|469670932|140177
0|593|553489833|140523
1|593|412739905|148801
0|594|405319460|147615
1|594|435120686|181926
0|594|453144935|184910
1|594|379927741|117234
0|594|358820262|116847
1|594|913342045|220673
0|595|780921601|227044
1|595|480370078|201401
0|595|450004016|201191
1|595|434605149|115781
0|595|448311246|114395
1|595|326720514|89652
0|596|329839097|89692
1|596|500253989|189899
0|596|497865758|190367
1|596|309099573|191291
0|596|369575709|189619
1|596|259631060|82645
0|597|259137569|82765
1|597|467070166|312926
0|597|495687619|308512
1|597|278165317|113548
0|598|295915953|114866
1|598|377086656|269843
0|598|420294760|277108
1|598|347866323|192578
0|599|334810286|191859
1|599|418912418|269928
0|599|420889825|264283
1|599|319018026|135918
0|600|302856600|135138
1|600|345045166|232589
0|600|355334968|230986
1|600|260975162|77932
0|601|284150418|78658
1|601|1772859662|108886
0|601|1754920004|110504
1|601|478240523|150715
1|601|426079471|306832
0|601|770142407|150520
1|601|59941957|0
1|602|279970373|92336
1|602|61731984|0
0|602|1052517423|327860
1|603|1210106962|255317
0|603|554177545|327067
1|603|68931898|0
0|604|234181810|21427
1|604|350662260|77767
0|604|177896818|56401
1|604|355548411|123288
0|604|377164423|124455
1|604|349432702|195306
0|604|342368101|198475
1|604|396957449|108302
0|604|411654010|107344
1|604|301185923|61235
0|605|328878875|62433
1|605|359809517|122997
0|605|413095623|121635
1|605|458653169|331996
0|605|450577049|330985
1|605|421138297|341099
0|606|464811918|339440
1|606|346051550|113115
0|607|371897588|112857
1|607|536377392|203619
0|607|531169714|206158
1|607|840313059|175280
0|608|862016511|173245
1|608|484441502|75912
0|608|447569080|75154
1|608|498433820|125617
0|608|527044043|126531
1|608|444343773|228689
0|608|438046092|229134
1|608|596339383|174341
0|608|644558065|175227
1|608|491451624|120221
0|609|480652083|118771
1|609|487734335|226453
0|609|561448091|225831
1|609|438995567|100447
0|609|432027348|99756
1|609|418558532|223755
0|610|470629302|223055
1|610|387172153|184161
0|610|386609268|183084
1|610|408093013|320329
1|611|329289877|110174
1|611|71104805|0
0|611|450220669|324410
0|611|482891742|336786
1|611|564730537|230730
0|612|181578937|0
1|613|388621913|121353
0|613|344336233|123090
1|613|463817321|256814
0|613|481401260|256829
1|613|982798823|320454
0|614|1056480359|318968
1|614|371284235|148425
0|614|362689743|146661
1|614|358816174|148707
0|615|385490718|150410
1|615|419961186|271744
0|615|393464088|276349
1|615|407600616|175008
0|615|409166820|173812
1|615|417096922|195096
0|616|387583874|191057
1|616|424273946|122544
0|617|432847319|123549
1|617|443812854|211561
0|617|447865961|211939
1|617|549493080|265220
0|618|531831533|263881
1|618|361398695|135301
0|618|363725492|139136
1|618|393747015|180916
0|619|400614384|179515
1|619|356257011|102805
0|620|483792114|100654
1|620|572784390|187078
0|620|716273808|181406
1|620|500691362|326787
1|621|393926359|113885
1|621|61738066|0
0|621|667064360|330369
1|622|807003444|235624
1|622|68607970|0
0|622|1048696967|351895
1|623|758458667|182601
1|623|116337492|0
0|623|740361271|188074
1|623|851827259|331198
1|623|89751230|0
0|623|880931986|330118
1|624|622961908|119833
1|624|83526097|0
0|624|673769330|115952
1|624|535921937|151349
1|624|101957522|0
0|624|744216800|150009
1|625|830825517|210525
1|625|96830730|0
0|625|867068475|207656
1|625|846153886|325817
1|625|77372202|0
0|625|925716889|326682
0|626|520096597|132685
1|626|640605021|133364
0|626|58487723|0
1|626|540183411|174518
0|626|583724650|172209
1|626|507412233|193525
0|627|496387945|190792
1|627|468706613|111791
0|628|487746291|113914
1|628|464415570|90102
0|628|485677986|90660
1|628|544377150|228146
0|628|582535880|230902
1|628|534831593|226617
0|628|557413336|226388
0|629|2823620747|239354
0|629|49297645|0
1|628|3376107690|239358
0|630|1626913710|615847
0|630|89989169|0
1|630|1474370223|619928
0|630|1258008661|769490
1|630|1187249522|773049
0|630|58771966|0
1|633|561536123|416998
0|633|642159454|421543
1|633|415014890|94990
0|634|479779771|96471
1|634|541723034|221762
0|634|547642287|222838
1|634|496377127|233557
0|634|556379485|233876
1|634|448299866|125980
0|634|516884642|125924
1|634|777648300|251278
0|635|768309836|249802
1|635|541804390|213658
0|635|573143477|213173
1|635|479253806|156433
0|636|476793638|152345
1|636|457424487|123127
0|637|494434754|122265
1|637|515542570|131047
0|637|535148457|132768
1|637|477693672|214996
0|638|586612041|210871
1|638|514005378|73877
0|639|453145201|73917
1|639|601720250|226947
1|639|343756189|85505
0|639|666504591|231466
1|639|220058483|24459
0|640|526296222|174531
1|640|603858792|294563
0|640|336900888|226568
1|640|662078029|232151
0|641|629690154|237141
1|641|647239014|372478
0|641|648546247|375964
1|641|470928168|190274
0|642|464999770|186738
1|642|412591796|93412
0|643|425237719|91506
1|643|556594421|108418
0|643|588397030|107345
1|643|426012868|107983
0|643|450564737|107912
1|643|1245137574|385504
0|643|1237371857|386989
1|643|463091852|153258
0|644|461104918|155548
1|644|511775391|275576
0|644|496954867|275053
1|644|452947075|178148
0|644|483364920|174878
1|644|473327512|161811
0|645|507919096|163345
1|645|506378017|202150
0|646|509030837|205127
1|646|465059865|193084
0|647|482951771|186904
1|647|430714699|109496
0|648|408570754|112689
1|648|510115825|171956
0|648|542791943|180634
1|648|437132424|106459
0|649|438848962|103407
1|649|459415918|100061
0|650|485881401|100541
1|650|476330334|217921
0|650|510971309|214617
1|650|430063646|133806
0|651|468624951|135378
1|651|508674255|112240
0|651|481833419|108317
1|651|474497792|320470
1|651|436439343|80155
0|651|531049203|319486
1|651|76144657|0
0|652|808692154|379179
1|652|748096727|296090
0|652|257596730|17
1|652|399485309|54433
0|652|298457535|53261
1|652|290691825|307236
0|653|327528470|300037
1|653|555533700|181455
0|653|528730101|186290
1|653|449511072|245932
0|654|545333682|250894
1|654|474587439|98287
0|655|472562477|98189
1|655|951802054|248132
0|655|1134239988|249114
1|655|661633468|378296
1|656|391882448|100807
1|656|85187236|0
0|656|732538186|378173
0|657|586144502|425944
1|657|649266544|328589
0|657|149691345|0
1|657|421286226|50988
0|657|454697560|50252
1|657|574800362|354109
0|658|642641427|358372
1|658|492265892|164410
0|658|479769239|162628
1|658|542097611|295167
0|659|531198174|295214
1|659|466508007|169179
0|659|492984279|175162
1|659|1567336473|158611
0|660|1595021319|145853
1|660|544612720|122530
1|661|518623722|223103
1|661|60845712|0
0|661|965623090|122896
1|661|538921831|193397
1|661|51990158|0
0|661|1561767994|424775
1|662|1636836485|95655
1|662|66297131|0
0|662|954075208|93387
1|662|1032663904|192311
1|662|88561152|0
0|662|1007339023|190625
1|663|923288549|232717
1|663|110246436|0
0|663|1051993355|235327
1|663|855206274|126401
1|663|55112706|0
0|663|1049724769|127354
1|664|1532804391|259532
1|664|86788619|0
0|664|1958375279|255937
1|665|1716197164|79790
1|665|56251388|0
0|665|1193425877|80469
1|665|1305432648|251697
1|665|61514381|0
0|665|1326472236|251650
1|665|1050692027|138264
1|665|104513345|0
0|665|1254100792|140302
1|666|1260892320|230171
1|666|86425363|0
0|666|1625093913|233671
1|667|1466770385|121024
1|667|75992070|0
0|667|1120023227|120523
1|667|1079333730|196314
1|667|60664741|0
0|667|1250047987|196436
1|668|1158070802|212148
1|668|75515448|0
0|668|1506298635|208788
1|669|1750136877|131484
1|669|57979136|0
0|669|1590761473|128336
1|669|1265413553|196759
1|669|106143427|0
0|669|1325757405|193181
1|670|1380859924|193366
1|670|81967749|0
0|670|1369484224|195581
1|670|1165478460|198116
1|670|53946864|0
0|670|1342105595|201942
1|671|1368240348|257468
1|671|113679510|0
0|671|1795939819|258219
1|672|1744226572|320783
1|672|60976465|0
0|672|1583670778|321540
1|672|1419861402|163186
1|672|102668942|0
0|672|1390740248|165547
1|673|1499012875|137026
1|673|52901821|0
0|673|1694390272|140736
1|674|1597772844|185433
0|674|1390304020|185380
1|674|84927710|0
0|674|439403477|6
1|674|1462163026|329085
0|674|1936789001|324239
1|674|2675177594|137442
0|675|3102954491|135976
1|675|3941715158|158143
0|676|2716317307|157758
0|676|1193602187|146421
0|676|112482147|0
1|676|1503567968|145633
0|677|1923002218|345620
1|677|1877052944|343260
0|677|62556128|0
1|678|1760986633|543243
0|678|1870639918|534772
1|678|993838850|303932
0|679|1058740464|315140
1|679|937637013|98763
0|681|882884907|97076
1|681|998588518|297654
0|681|1052934024|296680
1|681|912441245|178066
0|682|968068428|178173
1|682|923430378|135231
0|683|902855893|132921
1|683|1005922887|268411
0|683|1427524073|264135
1|683|879056870|95003
0|684|898846901|97955
1|684|921933569|139228
0|684|926138810|144588
1|684|1352221748|315137
0|684|1112170535|316244
1|684|899368766|184361
0|685|892068879|181665
1|685|1027290629|345662
0|685|1099921178|354655
1|685|947529360|195512
0|686|952027216|184831
1|686|1097353771|265656
0|687|1077445572|265553
1|687|837227561|120747
0|688|897962124|121780
1|688|932043471|142915
0|688|948179918|147262
1|688|1007892347|310147
0|689|1012539218|304493
1|689|886616502|136263
0|690|946194121|137098
1|690|970697096|208444
0|690|1014777217|211312
1|690|921301606|210472
0|691|939296923|209331
1|691|998930343|222809
0|691|980299141|222397
1|691|889171441|145066
0|691|924260546|147103
1|691|887761442|102738
0|692|908131217|103834
1|692|991991648|241114
0|692|1021113194|240207
1|692|899820844|134268
0|693|877536364|132645
1|693|1567263110|213484
0|693|1538231952|214765
1|693|1191345534|188672
0|693|987868293|187373
1|693|1256835994|74032
0|693|871007713|74384
0|694|942429738|176481
0|694|103324784|0
1|693|1403157448|176769
0|694|2087347518|273144
0|694|139979167|0
1|694|2276400828|272483
0|694|10044316568|1087654
0|694|116987292|0
1|694|10449641296|1089400
0|696|4678430409|1161483
0|696|91581417|0
1|696|5434702131|1152862
0|699|12807689422|1434026
0|699|257865333|1000025
0|699|204453622|755878
0|699|85395164|0
1|699|13469808768|1433882
0|699|4429342559|1794524
0|699|149718989|362287
0|699|72145166|0
1|699|3324605023|1794222
1|699|3041667302|1821651
0|699|3134247832|1821522
1|699|1110613181|1124316
0|699|1116138493|1124232
1|699|898491502|1035291
0|699|848239457|1035151
0|710|909845123|552006
1|710|940472670|1059632
0|710|68788353|0
0|715|692782251|87260
0|715|42980878|0
1|715|857212036|1023156
0|715|1048312065|306463
0|715|38260195|0
1|715|1060231495|972714
0|728|1003732799|437833
1|728|960068697|440124
0|728|55783507|0
1|728|2561188975|603252
1|728|660950627|155032
1|728|54334564|0
0|728|3322069324|600821
1|729|781791804|68945
1|729|84574068|0
0|729|847564408|221780
0|729|748850145|212118
1|729|921492663|212198
0|729|289026573|3
1|729|602669797|16804
0|729|588709647|16540
1|729|799178481|246629
0|730|829213733|248765
1|730|725059878|182549
0|731|769276087|180639
1|731|810087317|214573
0|731|817388569|214676
1|731|907687387|219983
0|732|947861136|223756
1|732|746511280|148933
0|733|738616246|149073
1|733|781422849|261439
0|733|770015539|256598
1|733|688639899|128294
0|734|717145967|127721
1|734|680049657|160560
0|734|721541434|160595
1|734|715249638|145472
0|735|724140722|144312
1|735|711468289|144684
0|735|750840829|144549
1|735|641112689|50692
0|735|599770477|50010
1|735|1013096995|359593
0|735|1106301936|360172
1|735|702080441|55004
0|735|719529009|55529
1|735|830278330|237919
0|736|829325725|240309
1|736|832806289|277543
0|736|782390578|277740
1|736|800187169|134425
0|736|785407520|135807
1|736|774010616|117519
0|737|785673691|117705
1|737|810627304|266199
0|737|869247346|268929
1|737|840470299|240341
0|738|817307951|240757
1|738|904039666|354354
0|738|915875071|353980
1|738|687655902|89934
0|739|621749498|91046
1|739|799304822|164781
0|739|816815073|161190
1|739|794525231|280821
0|739|768948156|278460
1|739|776332257|136349
0|739|695697815|134638
1|739|734463245|131375
0|740|700570104|130810
1|740|690084422|65038
0|740|717390276|67609
1|740|911350426|399342
0|740|949067784|401627
1|740|752224307|69287
0|740|701415217|68677
1|740|1536516059|207338
0|741|1587719333|206139
1|741|623849678|37074
0|741|579505337|37435
1|741|737907490|182951
0|741|833281387|181245
1|741|702797146|36716
0|741|747020301|36088
1|741|866783024|539003
0|741|897381162|535858
1|741|667633745|61677
0|741|680118533|61688
1|741|667272901|79914
0|741|665406942|81824
1|741|709604504|168855
0|741|713245555|168860
1|741|807052214|180918
0|742|799871170|182718
1|742|696333585|263914
0|742|717391613|264376
1|742|758318569|170818
0|742|709872962|169855
1|742|695917429|211157
0|743|759857766|211513
1|743|654332045|93004
0|743|634163897|90393
1|743|924487085|414178
0|743|968601624|417627
1|743|977729592|112655
0|744|975178773|113672
1|744|744908288|226701
0|744|706285436|225623
1|744|686718695|311580
0|744|716474138|311749
1|744|894133315|239318
0|744|955419470|238249
1|744|662688858|249755
0|745|662954628|250841
1|745|662119097|219241
0|746|680210446|220958
1|746|604971200|195053
0|746|634609015|193480
1|746|742291283|389011
1|747|610574920|92958
0|747|744462350|390458
1|747|50044195|0
1|748|666453637|249168
0|748|750026918|342793
1|748|59868668|0
0|748|453518771|39505
1|748|624781007|149478
0|748|256566195|109802
1|748|608734037|100479
0|749|619270405|100070
1|749|791694643|279131
0|749|786247576|277596
1|749|1233600885|267509
0|750|1285222380|268471
1|750|675594736|146689
0|751|639008489|142434
1|751|687852176|265812
0|751|716597897|263776
1|751|666063905|186142
0|752|641545085|188370
1|752|614405059|146995
0|753|628537775|150320
1|753|661838221|208879
0|753|663422480|210936
1|753|1762186950|111918
0|754|1811028197|110052
0|754|1013424795|146479
1|754|1182287821|148350
0|754|66461629|0
0|754|1592839698|375056
0|754|57152647|0
1|754|2402392111|371418
0|755|2171424912|1107945
1|755|1564984234|1107924
0|755|138572984|419739
1|755|1514671106|1518668
0|755|1653409530|1325523
1|756|641152625|293958
0|760|586316956|65833
1|761|677660390|312111
0|762|738235917|313337
1|762|571771448|84506
0|763|586051993|87205
1|763|647996443|199300
0|763|638426539|202234
1|763|699002506|192960
0|763|742145309|191715
1|763|665553825|115897
0|764|601023976|111788
1|764|624494360|263916
0|764|673248625|255841
1|764|573200182|102082
0|765|571319595|103871
1|765|718714269|244367
0|765|756156505|248901
1|765|663758951|336975
0|766|660603672|338680
1|766|546551871|119545
0|767|539027213|118680
1|767|644252759|266629
0|767|662387055|261509
1|767|541549623|65430
0|767|556892705|66266
1|767|579856120|178022
0|768|587108591|180941
1|768|638654412|282689
0|768|666852584|280244
1|768|549028038|73048
0|768|555108034|73467
1|768|1252655763|269044
0|769|1295788953|267045
1|769|601604342|226647
0|769|623497916|228385
1|769|816859477|200933
0|770|808537537|203156
1|770|607569578|249457
0|770|644091164|255122
1|770|683438653|218305
0|771|703772954|217685
1|771|646894677|197203
0|771|641032764|194224
1|771|689642849|307962
0|772|708473172|303346
1|772|590280977|156458
0|772|589064373|156559
1|772|690478365|213859
0|773|704173959|218559
1|773|545509351|89941
0|774|566779578|89082
1|774|597222671|182855
0|774|641792742|180935
1|774|642011952|191857
0|774|618168668|191155
1|774|654725796|248145
1|775|543087896|97475
0|775|712980927|252718
1|775|73180135|0
1|776|609049525|190929
0|776|720546319|279449
1|776|71483436|0
0|777|691567689|71142
1|777|852635355|331289
0|777|241251023|270952
1|777|539046713|91236
0|777|534339589|89932
1|777|623187437|240176
0|777|639677439|236792
1|777|541112930|77371
0|779|544258026|78256
1|779|565119486|128108
0|779|621806980|128170
1|779|611573102|127801
0|779|561350003|128314
1|779|663133571|257291
0|779|710269716|253666
1|779|602482712|101785
0|780|572042567|103792
1|780|636325591|280648
0|780|625209285|285300
1|780|534007424|103444
0|780|564611100|105153
1|780|773869442|258493
0|781|768652880|249345
1|781|579152467|96669
0|782|600176856|100245
1|782|653281211|225635
0|782|632983800|228453
1|782|559345457|148199
0|783|606328297|150187
1|783|634280472|194067
0|783|637253260|195400
1|783|625633293|162819
0|784|588862545|160740
1|784|623597297|227338
0|784|626563620|221979
1|784|574496206|111718
0|784|565008054|110350
1|784|1704321978|196241
0|785|1770555852|197950
1|785|758027613|96240
0|786|851894783|97894
1|786|640032805|237281
0|786|893017483|240332
1|786|580602440|152269
1|786|557379886|60564
1|786|46061322|0
0|786|937788752|154288
1|787|1057507231|138463
1|787|75840370|0
0|787|1595450976|197815
1|787|1587998156|189172
1|787|60019948|0
0|787|1066785055|187208
1|787|959615825|185225
1|787|80341970|0
0|787|1064877547|183470
1|788|1090419150|236754
1|788|52644186|0
0|788|1602948416|236008
1|788|1582260279|185412
1|788|84540403|0
0|788|1073066234|190211
1|788|879431440|226200
0|788|813929294|231933
1|788|69292194|0
0|788|833992700|87309
1|788|779858804|88976
0|788|64770193|0
1|789|780683017|154990
0|789|846675916|154495
1|789|811826260|100027
0|789|811129710|97169
1|789|962390837|297287
0|789|949386964|298390
1|789|786651791|124293
0|790|796755629|124596
1|790|798037564|134479
0|790|773780645|132910
1|790|782591057|171221
0|790|800454640|171832
1|790|1079393440|70531
0|790|1073828320|69227
1|790|1466012134|187268
0|791|1537998442|190574
1|791|1267053165|136396
0|791|1197556001|134631
1|791|1262687448|182306
0|792|1172977524|177143
1|792|1268967235|167108
0|792|1314227619|167125
1|792|1134063425|209765
0|792|1114161427|212720
1|792|1016495410|137562
0|793|996366387|139533
1|793|940214345|163085
0|794|962454340|163984
1|794|767565070|74883
0|794|752198408|74243
1|794|825482728|236970
0|794|838314668|234487
1|794|748729620|133020
0|795|800138634|132589
1|795|791079656|131103
0|795|762070488|133758
1|795|830532335|279357
0|795|852724683|290414
1|795|785710494|181037
0|796|813528433|171814
1|796|800370383|94237
0|797|764064898|94897
1|797|1344997435|274093
0|797|1354089534|273046
1|797|787758902|128475
0|798|733566479|128241
1|798|806939018|237952
0|798|828177837|264607
1|798|794656877|184345
0|799|758319579|157644
1|799|747246418|110388
0|800|738944699|110190
1|800|773504692|132580
0|800|791448176|133059
1|800|842829063|233445
0|801|819364899|231930
0|802|740621480|212664
1|801|832510685|156856
0|802|90554231|0
0|802|893920600|230432
1|802|931494237|282997
0|802|60128700|0
0|803|886019339|391673
1|803|964555746|397410
0|803|79978679|0
1|805|775924648|101413
0|805|772611322|102716
1|805|953275932|485340
0|805|1062278517|489800
1|805|822472996|185958
0|806|855387379|182926
1|806|886437071|282610
0|807|886303524|283760
1|807|749097066|44456
0|807|840048104|47703
1|807|1223918157|341042
0|808|1215643114|336614
1|808|896193128|235238
0|809|855647050|231365
1|809|927661029|266999
0|809|885963076|271183
1|809|850111466|103916
0|810|871375588|107578
1|810|997456864|258200
0|810|919862270|255260
1|810|877153925|194317
0|811|814818340|191003
0|811|757933237|185169
1|811|836807405|181547
0|811|84948584|0
1|812|850218772|206366
0|812|839448405|205674
1|812|1051746057|460398
0|812|1044537966|461494
1|812|734597791|180424
0|814|792659752|181334
0|815|492431084|146505
0|815|73437206|0
1|814|794729988|150424
0|815|1163127465|505038
1|815|1041868550|498499
0|815|54076984|0
0|816|5411281553|729353
0|816|74726245|0
1|816|7506751315|734763
0|818|4854036262|1067160
0|818|276381452|1000017
1|818|3284256236|1066985
0|818|139814017|329044
0|819|3248741203|2000003
0|819|436126368|843066
1|819|3742812987|2000066
0|819|67765713|0
0|819|1075229061|566411
0|819|66017778|0
1|819|1395292778|1290037
0|819|1441050522|566357
1|819|1234652282|1157768
0|819|61252016|0
0|830|1118490249|721744
1|830|1193822825|1179866
0|830|86895548|0
0|839|1050159489|340940
0|839|93090618|0
1|839|1193677223|745246
0|843|1923268586|359645
0|843|77759997|0
1|843|2257242368|357863
0|844|1548125558|524481
0|844|85012033|0
1|844|1397146023|524515
1|846|1644067926|960673
0|846|1682755434|958318
0|848|743107698|553926
1|846|777665407|495958
0|848|101013966|0
1|849|720357154|317237
0|849|667631749|259569
1|849|602479336|247754
0|851|620835956|247893
1|851|532545585|81388
0|851|541209209|81896
1|851|624711679|216212
0|852|662718971|216757
1|852|613368489|153922
0|852|581259255|155321
1|852|2493488900|289840
1|853|546861298|94201
1|853|42119981|0
0|853|3030946805|294609
1|854|951332207|313142
1|854|55896698|0
0|854|1221027968|405695
1|854|1075033658|132444
1|854|61332495|0
0|854|1275049359|132130
1|855|1036423770|84431
1|855|65379255|0
0|855|824652409|83711
0|855|738308328|218589
0|855|61549907|0
1|855|897641859|222950
1|855|685298696|99833
0|855|732809100|99725
1|855|779931424|405413
0|856|771078409|408953
0|857|623479222|201031
1|856|691057173|205852
0|857|60421243|0
0|857|786854598|421030
1|857|822850033|419052
0|857|54850187|0
1|859|617068079|215937
0|859|651764996|216828
1|859|652778944|155534
0|859|652273340|156195
1|859|834612598|144340
0|860|776763471|145218
1|860|654491573|234117
0|860|677939065|236120
1|860|612756648|87009
0|861|592504175|87166
1|861|663407897|115176
0|861|666377937|114788
1|861|640802594|256146
0|861|644262790|254852
1|861|643037699|178123
0|861|643328778|177344
1|861|616420830|146412
0|862|614930658|147837
0|862|658440200|164958
1|862|700259747|163460
0|862|70798698|0
1|862|724998771|339893
0|862|718969502|341873
1|862|595055150|135043
0|862|655642409|133965
1|862|734269176|260841
0|863|720904521|256508
1|863|677293731|322324
0|863|695924876|324459
1|863|635809038|142253
0|864|693971003|143425
1|864|1222931583|227386
0|864|1221320246|227129
1|864|663192953|197572
0|865|649017570|196266
1|865|758937149|305343
0|865|799047560|303715
1|865|929640111|119201
0|865|793262178|120297
1|865|818032598|290411
0|866|830575994|293389
0|867|618102535|139683
1|866|706317515|144343
0|867|50467368|0
1|867|831900012|294583
0|867|847582122|297242
1|867|851822968|322101
0|868|825606957|323481
1|868|672737260|280016
0|869|691454997|280232
1|869|592031707|119272
0|869|591173092|118120
1|869|771149662|269265
0|870|739319232|271189
0|870|617768243|233787
1|870|660427588|151782
0|870|88921014|0
1|871|886999295|382882
0|871|884583930|307099
1|871|646136427|260772
0|872|661896868|255327
1|872|565731559|117716
0|873|592733989|116355
1|873|719578639|270291
0|873|709437725|267703
1|873|625437786|195423
0|873|646426436|196176
1|873|705490974|270178
0|874|726784222|274122
1|874|603998726|148561
0|875|616779442|146507
1|875|702416066|259225
0|876|663256992|256696
1|876|578191904|94083
0|877|595047282|92032
1|877|628638510|195137
0|877|639832487|197423
1|877|640047559|270948
0|878|914256864|279485
1|878|555625525|117160
0|879|577293451|113110
1|879|1979662944|195942
0|879|1779157441|192945
0|880|1386727330|308116
0|880|45583673|0
1|879|2092298563|306267
0|880|1308649308|584140
0|880|89730205|0
1|880|964785396|582774
1|881|1475291545|1145762
0|881|1770724849|1142290
1|881|867742015|542761
0|886|905082883|541472
1|886|763295712|201518
0|888|768906743|196546
0|889|855926746|334277
0|889|63972697|0
1|888|1394674684|321975
0|889|990682058|147369
0|889|80116854|0
1|889|952533561|149120
0|890|1398533580|838123
0|890|72986745|0
1|890|1980556863|840383
0|892|1678448924|675539
0|892|92985352|0
1|892|1609132092|675889
0|894|2630620487|1386900
0|894|138662193|341316
0|894|73866998|0
1|894|3086178709|1386651
0|895|2048716742|1381618
1|895|1506429189|1381638
0|895|159661888|249294
1|899|1927107130|1473644
1|899|887005090|1059716
1|904|142337494|203955
1|904|76308418|0
0|899|4873799166|1473245
1|904|2949335362|197509
1|904|74414333|0
0|904|1876853648|871988
1|913|1765286465|108621
0|913|1038015968|109654
1|913|74001143|0
0|913|626869672|51644
1|913|925485127|249414
0|913|351710677|195871
0|913|761463406|139601
1|913|804718078|140088
0|913|80304302|0
1|914|883316976|296072
0|914|913114101|294573
1|914|799306578|192248
0|914|828624266|192948
1|914|866309311|273942
0|915|823086257|281376
1|915|841243660|287161
0|916|851675274|279465
1|916|721215479|131246
0|916|729467447|130185
1|916|876263073|261399
0|917|871046722|260736
1|917|715597711|106322
0|918|762837155|111109
1|918|2351708064|215088
0|918|2410361265|215986
1|918|1002559888|276492
1|919|635957042|106405
1|919|121390458|0
0|919|1795193030|277426
1|920|1174385677|316891
1|920|49044362|0
0|920|1844531258|420840
1|921|1791415609|128969
1|921|98301010|0
0|921|1181361868|127622
1|921|1096849284|223756
1|921|55626437|0
0|921|1235285973|225822
1|921|1210512174|183644
1|921|84011522|0
0|921|1166182452|182449
1|921|1152155675|212966
1|921|80413831|0
0|921|1317451469|211219
1|922|1284016106|273264
1|922|128947054|0
0|922|1902241459|272614
1|922|1735073045|129914
1|922|63428754|0
0|922|1407537321|131430
1|923|1385187489|279634
1|923|70654070|0
0|923|1337406733|280698
1|923|1219076935|118703
1|923|73821708|0
0|923|1322942709|117573
1|924|1582900615|280885
1|924|95991990|0
0|924|1804602657|275181
1|924|1370998777|124984
1|924|40444657|0
0|924|1384831200|124018
1|925|1716796934|300903
1|925|98500168|0
0|925|1932514916|307057
1|926|1623362351|271071
1|926|21577420|0
0|926|1476983456|266068
1|926|1449188811|97628
1|926|39350879|0
0|926|1397745876|99755
1|927|1312071709|159975
1|927|82360786|0
0|927|1436044792|165706
1|928|1415955750|109711
1|928|92548966|0
0|928|1317953928|108522
1|928|1333515687|177649
1|928|96438562|0
0|928|1569467361|171997
1|929|1300122656|179678
1|929|12132868|0
0|929|1552060051|181398
1|929|1913530207|255145
1|929|7341497|0
0|929|2448396234|256465
1|930|2765549357|192891
1|930|22128032|0
0|930|2230906895|194732
1|930|2654395031|288187
1|930|28453801|0
0|930|2981160868|290181
1|931|2893711007|427796
1|931|17651890|0
0|931|2583829677|419537
0|931|2252393878|209472
1|931|2784969419|207096
0|931|212446218|0
1|932|826725607|186184
0|932|1528158945|187648
1|932|1309135448|148673
1|932|971182074|312353
1|932|7542736|0
0|932|1691578498|148584
1|933|729842061|132226
1|933|3594155|0
0|933|1978015847|446948
1|934|2196096195|68009
1|934|10610617|0
0|934|1213095371|68378
1|934|2309932985|234267
1|934|13676088|0
0|934|1965306927|238618
1|934|761787713|60570
1|934|11816442|0
0|934|938390436|60694
1|935|1063577851|209058
1|935|11306328|0
0|935|1407494872|205828
1|935|1384976921|201446
1|935|9279358|0
0|935|1368195673|194947
0|936|1454829033|259410
0|936|48814380|0
1|936|2056244794|259184
1|936|34621267|0
1|936|1019666439|505746
1|936|525409987|123297
1|936|269168319|43651
1|936|4413560|0
0|936|2414606529|508512
1|937|1020815694|114200
1|937|13451172|0
0|937|1604952865|280714
1|938|2163123570|330651
1|938|8807792|0
0|938|1767499929|332456
1|939|1406294551|178978
1|939|12714965|0
0|939|1340790758|181560
1|939|1343022298|149315
1|939|16814740|0
0|939|1352813110|147533
1|940|1502169361|321221
1|940|9774698|0
0|940|1644521861|320912
1|941|1569124539|225830
1|941|8544628|0
0|941|1371386664|223422
1|942|1294061403|128612
1|942|9698317|0
0|942|1416553028|129468
1|942|1530163043|257397
1|942|10950422|0
0|942|1363236603|260685
1|943|1474643834|150596
1|943|11037214|0
0|943|1334748913|147512
1|943|1151878390|278675
1|943|6550172|0
0|943|1359550205|274723
1|944|1345141377|246194
1|944|10431232|0
0|944|1414043528|252282
1|945|1299791044|126816
1|945|4301031|0
0|945|1263712266|126366
1|945|1212699659|58342
1|945|6591432|0
0|945|1090073970|57733
1|945|1140125126|116756
1|945|6293326|0
0|945|1296587845|116880
1|945|1181243535|75931
1|945|11508969|0
0|945|868796558|75730
1|945|1143820730|279064
1|945|6463227|0
0|945|2023918173|276126
1|946|1846170754|225470
1|946|8019259|0
0|946|1173546853|228097
1|946|1161346923|165356
1|946|3015585|0
0|946|1044399296|168240
1|947|945749501|134123
1|947|4745228|0
0|947|1050386236|129498
1|948|1047995612|88391
1|948|10364750|0
0|948|1122937370|87634
1|948|1235477278|283698
1|948|9048217|0
0|948|1307075884|287059
1|948|1329617714|221289
1|948|6351497|0
0|948|1164899857|223272
1|949|1252570898|218616
1|949|9426693|0
0|949|1867759931|212750
1|950|1664498928|146282
1|950|9101957|0
0|950|1277085577|146199
1|950|1392193993|246549
1|950|8437129|0
0|950|1846467190|247174
1|951|1887282838|283201
1|951|4577546|0
0|951|1785744261|284167
1|951|1666404928|95400
1|951|9708662|0
0|951|1319702647|95048
0|952|2161383943|275261
0|952|49704960|0
1|952|4607880385|277787
1|953|1630386068|1000022
0|953|3550369734|1000009
0|953|16677575610|2000012
0|953|496044354|1193785
0|953|325335058|1000028
0|953|97761017|152113
0|953|74953144|0
1|953|28632727609|2000027
0|953|13146414168|1000073
0|953|328641576|1000007
0|953|307411218|1000017
0|953|470627254|1000000
0|953|273785971|1000006
0|953|192219576|1000086
0|953|193480001|1000014
0|953|197749737|1000004
0|953|197549343|1000006
0|953|205211149|1000021
0|953|192901653|1000001
0|953|186263163|1000227
0|953|191824036|1000322
0|953|191432416|1000169
0|953|206212043|1000025
0|953|193067247|1000233
0|953|198218133|1000099
0|953|223799232|1000657
1|953|6248365805|1193667
0|953|198413671|1000157
0|953|47108258302|2000276
0|953|540477021|2000146
0|953|591223367|1884269
0|953|289446657|1000000
0|953|1373677153|701221
0|953|2488631|0
1|953|51332017037|2000004
1|953|4013677511|2000002
1|953|556629109|2000015
1|953|1106985154|2000038
1|953|1267509759|1700673
1|953|356923182|1000298
0|966|8599283857|0
1|966|217894286|1000621
1|966|207591936|1000198
1|966|209755632|1000736
1|966|211804179|1000266
1|966|227030077|1000124
1|966|225942585|1000120
1|966|219668106|1000022
1|966|217767975|1000541
1|966|242497493|1000862
1|966|229668643|1000318
1|966|235428706|1000850
1|966|251239667|1000011
1|966|264422865|1000356
1|966|248142054|1000143
1|966|288046713|1000154
1|966|228039747|1000149
1|966|212481085|1000016
1|966|177326481|35028
