0|0|48343697|0
0|0|304623942|219851
0|1|259909689|263958
0|2|124265241|191063
0|2|140995329|222064
0|3|173239800|227906
0|3|124592470|60787
0|3|52829125|15673
0|3|75199905|32835
0|3|62058381|19521
0|3|85390109|49901
0|3|110851001|92835
0|3|82365886|57532
0|3|127895337|112189
0|3|113150168|99203
0|3|77496031|62316
0|3|118918898|84128
0|3|78597147|45225
0|3|133547170|116725
0|3|136060643|120787
0|3|82874458|65650
0|3|132576526|118355
0|3|116115159|109532
0|3|79748437|58635
0|3|112147182|103102
0|3|155028037|174517
0|3|117591930|110717
0|3|73459572|54037
0|3|115353177|106930
0|3|114128157|102023
0|3|81489863|67003
0|3|116837102|105936
0|3|73323109|52585
0|3|295666249|421945
0|3|141948083|126161
0|3|77385602|61896
0|3|131957889|131937
0|3|81165591|69679
0|3|129932081|130293
0|3|122927261|131868
0|3|78881617|53453
0|3|125062257|137137
0|3|110342446|132104
0|3|109641901|177633
0|4|130930477|240999
0|4|219729652|430327
0|5|151571309|253790
0|5|215293645|386144
0|6|179251197|324455
0|6|133315491|216464
0|7|219275571|401547
0|7|140976114|225955
0|8|221257360|375005
0|8|142421178|210506
0|9|131073335|197312
0|9|191673099|350992
0|10|176548871|340936
0|10|132636119|193842
0|11|164911440|248606
0|11|138389020|202523
0|12|129793801|205074
0|12|171454426|294270
0|12|139110744|234803
0|13|111463285|173681
0|13|235770406|412063
0|14|163990702|276844
0|15|142762783|224742
0|15|187446018|325880
0|16|141755857|223626
0|16|213289696|327861
0|16|163723133|310238
0|17|147752581|261858
0|18|189093997|333975
0|18|178348658|317608
0|18|144315050|215057
0|19|128497244|188024
0|19|187378009|292259
0|19|161151233|248417
0|20|105917885|146479
0|20|233972301|440134
0|20|162287138|284298
0|21|146452859|263972
0|22|159267260|312869
0|22|220897130|418668
0|23|146215700|255385
0|23|100369587|158119
0|24|170200125|324398
0|25|146751712|231620
0|25|187977818|355421
0|26|137363666|229678
0|27|139072165|222370
0|27|124280275|237855
0|28|158873396|312370
0|29|162001418|281130
0|29|237505229|425383
0|30|118882610|171083
0|30|167620059|273186
0|31|192534188|346594
0|31|186527727|328219
0|32|163962436|275056
0|32|192355363|333561
0|33|253134961|433896
0|33|97298921|107229
0|34|232381273|387424
0|34|128234136|184908
0|34|216848266|335110
0|35|163909758|253928
0|35|184120603|304050
0|35|198693073|299296
0|36|90036496|92866
0|36|212861618|354416
0|36|164840746|267993
0|37|169346831|283814
0|37|182234415|303312
0|38|190637033|320643
0|38|170167944|238167
0|39|154432141|194936
0|39|118639188|158456
0|39|227161770|387351
0|40|92600270|131772
0|40|232567757|433666
0|41|182024616|325331
0|41|172059021|334537
0|42|126851957|192388
0|43|203332067|362639
0|43|197244876|357207
0|43|241689627|308613
0|44|103224393|105215
0|44|181985335|288588
0|44|169026829|296687
0|44|113397754|181853
0|45|258919461|427047
0|45|163024478|280819
0|45|218446093|372994
0|46|124884292|157178
0|46|234295376|413063
0|46|151923072|255691
0|47|171428272|303956
0|47|210255778|349605
0|48|121115949|172746
0|48|189566117|292572
0|48|203149321|373526
0|49|244576520|513095
0|49|170269888|338695
0|50|197551778|398368
0|51|160340865|227519
0|51|188551273|273484
0|51|144020218|213355
0|51|188967923|278826
0|52|165872663|212243
0|52|107261904|124910
0|52|219466933|381952
0|52|79997947|71304
0|52|244021785|398088
0|53|85857340|80728
0|53|167840084|276456
0|53|127562971|229433
0|53|163201642|346278
0|53|139902200|239942
0|54|241962681|490801
0|54|199855579|291139
0|55|139191586|183920
0|55|213929903|337516
0|55|194843575|296040
0|56|118468720|155813
0|56|244823866|440961
0|56|173950275|236898
0|57|106308551|116472
0|57|165361579|221978
0|57|132505347|179148
0|57|153303451|272275
0|57|205238652|406840
0|58|259252004|512243
0|59|181559968|321905
0|59|199973069|287626
0|60|125778563|148806
0|60|194560085|290273
0|60|172763082|248390
0|61|165319215|231254
0|61|149849250|218198
0|61|232880455|388585
0|62|134805059|200266
0|63|155685536|207543
0|63|202200908|283066
0|63|192498355|275075
0|64|233500609|403027
0|64|208511287|354580
0|65|245063353|462514
0|65|222027185|393930
0|66|160854494|228398
0|67|184997419|278668
0|67|213621998|350641
0|67|207685475|439044
0|68|188390154|342751
0|69|163475303|281569
0|69|243214984|465287
0|70|228220840|470544
0|70|252990765|494430
0|71|176860278|387825
0|71|228015399|424777
0|72|200179944|401203
0|72|225926295|374176
0|73|212383215|373608
0|74|182863038|321410
0|74|285525576|486794
0|75|165819215|265779
0|76|179234139|274794
0|76|235670508|404672
0|76|197503842|369256
0|77|101775038|153702
0|78|277179010|504014
0|78|190763141|294796
0|79|131972004|162887
0|79|253681079|389098
0|80|214203598|324647
0|80|192828208|264362
0|80|178341510|253737
0|81|201526860|247145
0|81|168375272|214465
0|81|132005107|163205
0|81|226873382|317248
0|82|174052496|207359
0|82|115577058|116600
0|82|180502393|284219
0|82|211033491|388880
0|83|218514100|389894
0|83|263111164|421140
0|84|127842301|169475
0|84|291192299|550944
0|84|144013945|195334
0|85|308417145|599863
0|85|185166728|244706
0|86|158380358|211007
0|86|185787134|273046
0|86|180810373|307005
0|87|158750279|228434
0|88|156495267|207553
0|88|180932975|248883
0|88|187260697|263446
0|88|228574959|347494
0|89|132566928|177688
0|89|183997409|287285
0|89|218736724|342153
0|90|234209772|352831
0|91|165552419|228571
0|91|216643572|313318
0|91|189147438|278123
0|92|177767477|277499
0|92|331251217|460701
0|93|141427478|113729
0|93|309258621|583066
0|94|83464651|112461
0|94|251776615|414172
0|95|162695264|236487
0|95|280151041|529901
0|96|129297640|243362
0|97|264688008|545349
0|97|204499287|358211
0|98|171503584|225973
0|98|206171586|289612
0|98|143456160|220587
0|99|267019734|516620
0|99|203074031|411517
0|100|126791914|201686
0|101|168185569|222736
0|101|228390692|354229
0|101|154676175|230484
0|102|188329454|343331
0|103|268397222|423516
0|104|191212890|315323
0|104|221485211|361833
0|105|211253241|380007
0|105|193462918|284089
0|106|178260800|229698
0|106|214076821|297618
0|106|202409038|296277
0|106|138064912|149695
0|107|234112015|306557
0|107|204389611|290754
0|107|144403241|188087
0|107|240108473|301540
0|108|151196600|202415
0|108|195630752|243498
0|108|132734374|190361
0|108|166425324|230537
0|108|230063553|399118
0|109|129154452|199900
0|110|301722886|518860
0|110|127277187|164362
0|111|305005077|533594
0|111|222861208|318663
0|112|145358385|158648
0|112|263065826|399981
0|112|166563662|264847
0|113|204216615|337744
0|114|212481765|369366
0|114|217783900|369173
0|114|262485760|488355
0|115|116814662|159189
0|116|175319116|264364
0|116|199420231|286233
0|117|228407085|353480
0|117|154766677|220321
0|118|287934404|422015
0|118|198713881|280984
0|118|197959045|315611
0|119|139984903|219361
0|119|192958634|330095
0|120|108377083|170978
0|121|231412517|437525
0|121|222996349|361273
0|122|274880607|474825
0|122|168262114|257997
0|123|254920066|419240
0|123|302676292|536499
0|123|154007584|205721
0|124|282655666|528875
0|124|200237359|310722
0|125|159832084|235559
0|125|383031746|651755
0|126|210344351|367934
0|127|194559478|274081
0|127|203876871|288700
0|127|218100221|365541
0|128|177962648|265922
0|128|245663426|423194
0|128|282308781|484712
0|129|183171267|315644
0|129|226586495|353765
0|130|222521455|359591
0|130|222989059|386612
0|131|216900438|391353
0|131|279890356|437180
0|132|131397320|152263
0|132|246077920|413015
0|132|232362035|357080
0|133|123665611|142098
0|133|301762469|504955
0|133|183150213|246599
0|134|333653983|565470
0|134|202983300|324210
0|134|233776562|368579
0|135|275930391|540393
0|135|237300583|403527
0|136|143513904|240672
0|136|203456517|293077
0|137|256268381|392294
0|137|225207983|304200
0|138|194868991|291572
0|138|222934828|324614
0|138|152168100|227501
0|138|263704097|486161
0|139|198817576|367403
0|140|245897184|427977
0|140|212333681|383294
0|141|312225108|538856
0|142|197214254|279503
0|142|236433096|355066
0|142|144268997|227904
0|143|312744862|576213
0|143|162809768|196772
0|144|210824227|345029
0|144|238061656|455120
0|144|132571708|211215
0|145|209124519|373191
0|146|233570505|398219
0|147|148885712|186941
0|147|197645470|228236
0|147|169272835|199681
0|147|199297302|248470
0|148|265941779|423324
0|148|225156405|359607
0|149|261548360|425799
0|149|213520998|381691
0|150|154732287|248315
0|151|188516640|276580
0|151|220704881|330600
0|152|310233958|473738
0|152|220390838|379972
0|153|200546134|319668
0|154|218047847|418142
0|154|227995889|392562
0|155|167962264|251351
0|156|149721992|200358
0|156|235069292|338979
0|156|195687538|276871
0|157|127407501|144043
0|157|324025468|517474
0|158|244103029|447462
0|158|276077770|498350
0|159|164203662|242025
0|160|253764791|421987
0|160|158385657|234331
0|161|262032204|457750
0|161|216330549|387676
0|162|173841735|295434
0|163|241563555|391838
0|164|183658741|256272
0|164|186742431|203697
0|164|160610183|194693
0|164|219338771|304809
0|164|236473126|376054
0|165|166599330|245422
0|165|251574343|451067
0|165|66289002|78877
0|166|275581105|503158
0|167|296172619|548580
0|167|227444705|348339
0|168|201031154|331624
0|168|210932330|347901
0|169|249024329|444884
0|170|212340365|334818
0|170|172062606|250320
0|171|390001536|687741
0|172|235832790|394144
0|172|185149462|293104
0|173|316211957|536224
0|173|145949416|216190
0|174|316739977|583303
0|174|234519705|343045
0|175|218485271|328499
0|175|180577923|274420
0|176|231504370|459655
0|176|264023438|445178
0|177|160149011|233674
0|177|197696668|354206
0|178|176363963|317989
0|179|194186263|335338
0|179|169395198|300767
0|180|138927490|261229
0|181|228497865|394023
0|182|181312328|249152
0|182|249184567|375897
0|182|225471401|367050
0|183|116134943|167622
0|184|202166470|343736
0|184|95913563|139870
0|185|193476660|339120
0|186|232835390|378891
0|186|213897668|356384
0|186|231503405|397718
0|187|143464169|204009
0|188|154717750|186438
0|188|264284520|357840
0|188|149205568|158004
0|189|273426136|413304
0|189|140456017|163209
0|189|303229599|563983
0|189|177974509|258453
0|189|58370620|81335
0|190|205085298|384582
0|191|192645380|302487
0|191|224049834|357549
0|191|173647649|244460
0|192|255250744|411483
0|192|229124675|391083
0|193|141518041|270509
0|193|169071166|290813
0|194|254778334|446566
0|195|232945426|405468
0|195|214444280|376502
0|196|384988616|767317
0|197|195383900|275028
0|197|231601684|348830
0|197|188203290|297003
0|198|263965887|468384
0|199|204880062|311746
0|199|256746316|388269
0|200|159077203|197310
0|200|242030126|333146
0|201|272195726|471081
0|201|256724539|445327
0|202|242151605|371370
0|202|214635736|360468
0|203|303246205|550871
0|203|236542237|419123
0|204|272138393|543725
0|204|278415413|493120
0|204|227825056|397216
0|205|301666204|545830
0|205|186639600|330999
0|205|239529858|332763
0|206|185455399|246026
0|206|288649174|558468
0|206|168005520|222004
0|207|390671730|750891
0|207|425509663|383461
0|208|178411385|311540
0|208|237340976|384929
0|209|228391372|345530
0|209|176985133|213564
0|209|207435697|334035
0|209|250093272|418673
0|210|135293524|178974
0|210|272535461|497834
0|210|137294818|238001
0|211|374139558|807576
0|211|182848527|262283
0|212|204330748|234223
0|212|144975167|179458
0|212|257071625|486175
0|212|224424063|319481
0|213|140567954|179546
0|213|279592069|508406
0|213|184103062|295078
0|214|191505249|295860
0|215|229898109|403781
0|215|214138578|309335
0|216|260316051|402351
0|216|135422770|160400
0|217|204827988|283438
0|217|137678823|151065
0|217|245443081|347374
0|217|240273997|375050
0|218|125569617|161680
0|218|219126198|328385
0|218|212569403|402725
0|218|190568428|306996
0|218|221860846|408693
0|219|128306683|178005
0|219|391722026|672421
0|220|141054933|162700
0|220|369630376|582894
0|221|218634961|264898
0|221|214630848|257711
0|221|162048056|248276
0|221|240229821|371796
0|222|149568298|226565
0|222|281054273|522529
0|223|144686973|241224
0|224|224261907|388125
0|225|224991753|376964
0|225|173199969|262661
0|226|179576512|273328
0|226|333787436|539351
0|227|265612267|420401
0|227|216415642|370173
0|228|236594864|424285
0|228|61992903|73840
0|229|224364321|387414
0|230|209729393|353688
0|230|321007567|558079
0|230|226709870|361374
0|231|221395637|355261
0|232|229178639|360024
0|232|247301080|384134
0|233|239985054|378524
0|233|159843991|199462
0|233|217731957|335829
0|234|253309707|391157
0|234|195132975|243504
0|234|230599367|360176
0|235|206887570|301843
0|235|188814499|268994
0|235|306561276|500941
0|236|124733137|193639
0|236|232607260|383493
0|237|286697966|471699
0|237|196900336|293333
0|238|244128286|399233
0|239|166562776|210739
0|239|224631364|269660
0|239|198413528|286206
0|239|226558685|315976
0|240|250802691|393232
0|240|213307850|326614
0|241|177077391|223516
0|241|216499403|331016
0|241|148367753|152156
0|242|281412890|498761
0|242|168869538|265802
0|242|251509248|449514
0|242|276518062|497581
0|243|228668317|390957
0|243|198036654|294015
0|244|253065067|408761
0|244|181875449|270519
0|244|290388335|534754
0|245|148234070|224039
0|246|198347984|295866
0|246|212314087|282019
0|246|189878628|289521
0|246|207926369|340576
0|247|166697347|295194
0|247|249501726|365263
0|248|283766876|469151
0|248|273614575|407130
0|249|177803528|248824
0|249|263489655|401615
0|250|245184259|332746
0|250|174397302|239367
0|250|221296938|296112
0|250|291549591|561276
0|251|119812220|163468
0|252|292977861|526226
0|252|266620121|428093
0|253|189578270|313476
0|253|249898670|358201
0|254|251168060|400609
0|254|198132683|289349
0|255|241723675|354045
0|255|250086183|364375
0|255|182630431|269800
0|256|225204542|399330
0|256|226188004|395789
0|257|227523786|399977
0|258|232227869|382731
0|258|245564527|363909
0|259|253599091|367185
0|259|164229137|253625
0|259|264245353|412571
0|260|105968901|133080
0|260|274496027|514065
0|260|328669455|570521
0|261|210622338|419798
0|261|240374195|379235
0|262|248542462|437660
0|263|180149086|212613
0|263|307859866|451951
0|263|132303927|168800
0|263|240975112|370172
0|264|175159993|279254
0|265|300193943|494110
0|265|179966204|232764
0|266|256411395|359183
0|266|239300850|366250
0|267|237482896|386625
0|268|202652840|286804
0|268|208931244|319426
0|269|334058859|658382
0|270|202651410|297132
0|270|269750520|410317
0|271|186335993|199150
0|271|133720894|125484
0|271|265809794|377456
0|271|208931072|286287
0|272|261060841|335406
0|272|165870294|204626
0|272|278848402|482144
0|272|247606861|406050
0|272|119739468|145418
0|272|294038300|493342
0|273|137775222|197851
0|273|192949520|248769
0|274|213850192|275225
0|274|136598868|181126
0|274|304827832|437000
0|275|197767627|277569
0|275|258879152|382031
0|276|248549878|427072
0|276|223373683|304600
0|277|151928522|97067
0|277|150150954|137794
0|277|157802139|140857
0|277|147648533|130383
0|277|153864653|157999
0|277|357884150|582945
0|277|240492433|285207
0|277|268281421|342472
0|277|191890434|235138
0|277|273498163|374695
0|277|185950608|268818
0|277|251007628|381767
0|278|187504670|296107
0|279|162751905|248317
0|279|136720874|196318
0|280|299500007|486642
0|281|303934375|542424
0|281|76620899|91272
0|282|184174146|325422
0|283|232929468|368680
0|284|234871605|390737
0|285|215039475|339325
0|285|193198435|313283
0|286|311865405|561108
0|287|197246727|248419
0|287|282347985|393209
0|287|217724836|298287
0|288|208098903|285226
0|289|225149347|346979
0|289|331937326|632307
0|290|151573168|227571
0|291|217133691|334264
0|291|269125819|452902
0|291|163716902|275409
0|292|280230887|531456
0|293|184280254|259733
0|293|342900723|550503
0|294|214158265|328384
0|294|221387916|326057
0|295|190905523|283368
0|295|182697791|222229
0|296|217868906|249165
0|296|196251898|268549
0|296|251200851|393681
0|296|218612396|327031
0|297|217338520|330438
0|297|140335735|218062
0|298|212531154|356319
0|299|172849205|212802
0|299|246361122|318468
0|299|200574382|295496
0|300|296797640|473180
0|300|134665708|170357
0|301|287001614|477217
0|302|238726408|373580
0|302|284725918|485411
0|302|238307679|306628
0|303|140396960|156325
0|303|275126609|410002
0|304|266339350|422694
0|304|184745728|298642
0|304|190832653|313231
0|305|250022400|450458
0|306|295853397|526813
0|306|279924532|507571
0|307|144731372|237864
0|308|224797849|348697
0|308|209254896|350599
0|309|335461541|574421
0|309|219418536|354405
0|310|166002355|282375
0|311|227378737|327950
0|311|222759933|352902
0|312|305685322|526027
0|313|160638570|216008
0|313|132994540|79336
0|313|128328458|46197
0|313|103794367|46665
0|313|104489657|40667
0|313|113713184|54993
0|313|84978238|50575
0|313|144432204|101214
0|313|145733344|99610
0|313|90956961|64196
0|313|142300988|98989
0|313|131119937|84577
0|313|81693044|42973
0|313|138356956|91625
0|313|141635455|96185
0|313|83423169|35576
0|313|101489233|58944
0|313|151476694|152972
0|313|100431308|69888
0|313|142358621|97478
0|313|132491137|95557
0|313|85016392|49340
0|313|152721554|109411
0|313|143044367|100310
0|313|89467996|53146
0|313|148277065|107231
0|313|135593733|97897
0|313|134969732|153615
0|313|124403173|103867
0|313|144358882|104875
0|313|83621575|49687
0|313|143658888|105143
0|313|136036512|94359
0|313|109595486|81911
0|313|137458528|95491
0|313|135463782|97444
0|313|86705966|47413
0|313|147292540|89914
0|313|142376254|109322
0|313|87460469|47680
0|313|144239372|100312
0|313|172968036|203134
0|313|463508378|597595
0|313|141551461|109140
0|313|170630833|143728
0|313|146345450|108620
0|313|89135721|51842
0|313|152610257|116289
0|313|147057332|108853
0|313|91202816|55142
0|313|146274376|112861
0|313|140047234|105948
0|313|81637331|46463
0|313|157664108|139660
0|313|141797438|111769
0|313|93718063|63476
0|313|173699721|145444
0|313|140579437|110921
0|313|87944135|56468
0|313|149772730|121455
0|313|131299459|99565
0|313|93264877|61142
0|313|174824382|188748
0|313|221920124|252196
0|313|114884365|105417
0|313|208810479|235048
0|313|147740637|158383
0|313|164733186|171671
0|313|137336617|142132
0|313|155155657|158664
0|313|192224558|205901
0|313|114268210|102748
0|313|157713294|166512
0|313|102375778|92556
0|313|154700197|158789
0|313|183751211|206132
0|313|87238846|67226
0|313|190197564|217468
0|313|167652394|184614
0|313|98990234|92584
0|313|152565372|167838
0|313|216006467|257063
0|313|156512979|177001
0|313|86966391|84078
0|313|162321135|187159
0|313|155897544|183699
0|313|340597013|520882
0|314|151420155|229586
0|314|253313953|519764
0|314|278103940|493257
0|315|332465502|588939
0|315|169860170|241663
0|316|213566643|306013
0|316|154769384|184626
0|316|180654310|225405
0|316|238015647|463140
0|316|205590692|284673
0|316|165270169|180061
0|317|242470026|323260
0|317|186318099|219881
0|317|135834461|134839
0|317|260394705|437047
0|317|105671664|92362
0|318|210718013|248193
0|318|185671868|220679
0|318|137253278|178203
0|318|219970124|364686
0|318|243203015|311768
0|319|231332406|303810
0|320|112424223|113634
0|320|245596391|318363
0|320|226759828|352563
0|321|230729990|379653
0|321|270658903|393121
0|322|161474637|205336
0|322|276312300|416573
0|323|374750874|604325
0|324|222056053|304647
0|324|327782992|558032
0|325|161942337|237271
0|326|205908292|269374
0|326|257445663|389072
0|327|274158221|436778
0|327|319700471|572698
0|328|145844223|222850
0|329|214688019|330723
0|329|222425867|375009
0|330|307496421|521671
0|330|183787564|256406
0|331|131087229|167360
0|332|200361807|259346
0|332|276712120|421246
0|332|234527099|347592
0|333|181345735|256434
0|334|173904611|229552
0|334|285366144|414963
0|335|220354056|264791
0|335|246874574|387584
0|335|271677788|474670
0|336|190153947|319815
0|337|280783022|433499
0|337|153028596|227234
0|337|220216348|394966
0|338|209195106|373367
0|339|178157645|227107
0|339|271787209|369388
0|340|201330759|306462
0|340|203589127|307398
0|341|374409034|631191
0|341|229641510|351939
0|342|209543943|326481
0|343|219235002|306708
0|343|311567511|460053
0|344|213634688|317671
0|344|261053233|375520
0|345|261692619|386436
0|345|171013001|231599
0|346|221250442|346243
0|347|220811720|317232
0|347|235258556|323005
0|347|250919446|421385
0|347|279020051|410855
0|348|138655663|162779
0|348|271628842|448801
0|348|281457267|477593
0|349|156595268|231231
0|350|318046284|528766
0|351|230209561|337726
0|351|279290884|392803
0|352|178945662|201381
0|352|241420052|321861
0|352|187710059|253494
0|353|167835310|263777
0|353|206407633|317252
0|354|202263347|342933
0|355|328348294|509666
0|355|225937685|292548
0|356|217639874|258628
0|356|145043300|182030
0|356|416169079|625331
0|357|310627817|483954
0|357|147311515|171439
0|357|352833802|685697
0|357|246211467|385766
0|358|232240967|356109
0|359|203888679|316864
0|359|123122303|184559
0|360|189908108|307906
0|361|290181241|486482
0|362|203001738|285743
0|362|229990207|320438
0|362|275289058|454188
0|362|265542594|436737
0|363|207013855|360471
0|364|243168638|373917
0|364|373057540|577091
0|365|178522965|281705
0|365|239108863|394526
0|366|182220945|280622
0|367|230739103|321260
0|367|207233791|245848
0|367|253002534|367736
0|367|233641815|387646
0|367|268018932|371024
0|368|131697912|130756
0|368|353049747|600613
0|368|239001218|332883
0|369|244451714|379950
0|369|121368714|128698
0|369|239008630|380094
0|369|174287320|330860
0|369|240032664|349184
0|370|254256762|389327
0|371|266849761|446432
0|371|201691325|321327
0|372|209641111|349808
0|373|277006134|461876
0|374|206594266|273701
0|374|230106833|341283
0|374|216939108|359781
0|375|193535886|263047
0|376|247130987|361373
0|376|201461345|282930
0|377|300946564|463721
0|378|247400580|379529
0|378|331451480|473398
0|379|191836853|287760
0|379|386486035|641799
0|380|192104300|287251
0|381|241961266|345895
0|381|230719745|346252
0|381|275865145|417107
0|382|270853930|442460
0|382|206299353|300275
0|383|184179954|273673
0|384|259873861|334256
0|384|203137733|264728
0|385|334329471|523428
0|386|208184778|291187
0|386|244223867|306578
0|386|194390396|288677
0|386|267721990|454637
0|387|164721983|224141
0|388|225227815|278695
0|388|200869555|230732
0|388|204302090|307891
0|389|428581137|700943
0|390|182712193|199989
0|390|285283183|362864
0|390|129585878|181905
0|391|202778179|301907
0|392|206275239|298589
0|392|329096144|538270
0|393|264610464|422839
0|394|210521277|293297
0|394|312071732|447117
0|394|122398005|139155
0|395|435882498|755759
0|395|178834192|227006
0|396|240416182|345203
0|396|222368334|325851
0|396|697060832|391849
0|397|290093742|500740
0|397|211140952|308509
0|398|178662366|276904
0|398|354572361|639744
0|399|280323206|490888
0|400|232560427|373885
0|400|294688561|487786
0|401|220591006|357524
0|401|238849964|339848
0|402|230686015|301166
0|402|224298788|316442
0|403|287795175|458583
0|403|296528566|490372
0|404|123309549|171294
0|405|219426249|323046
0|405|200057977|309368
0|406|420985356|721747
0|407|313343162|507335
0|408|188193403|218358
0|408|245465714|301203
0|408|176053231|188227
0|409|220436436|345580
0|409|354856003|572820
0|410|107392860|117160
0|410|376460900|603476
0|411|205148225|304707
0|412|199918516|241623
0|412|230510964|245138
0|412|191438454|244477
0|412|236173829|344087
0|413|336070419|560543
0|413|244429653|429914
0|414|161603157|215976
0|415|237199733|339750
0|415|293525823|465036
0|416|330275790|555721
0|416|206673246|285107
0|417|247953910|417076
0|418|236825997|374063
0|418|264305524|403869
0|419|170234119|233615
0|420|190257964|257204
0|420|321258917|472719
0|420|261721566|431684
0|421|142266518|188891
0|422|185713644|242952
0|422|277635671|387112
0|422|160985516|221983
0|423|355506209|581465
0|424|187147203|249605
0|424|260678932|372940
0|425|204240371|330951
0|425|342548229|534561
0|426|242024771|366170
0|427|218522030|315329
0|427|288292701|459279
0|427|253427525|439939
0|428|192347488|290978
0|429|152763088|171849
0|429|211342054|215320
0|429|208481381|296453
0|429|301856082|400733
0|430|282600572|479383
0|431|264736510|430435
0|431|281514084|429688
0|432|226725066|256682
0|432|328793155|546862
0|432|196237797|252796
0|432|291537218|458094
0|433|248363514|325893
0|433|219103828|347863
0|433|203901796|318612
0|434|310311389|565960
0|434|313439504|552303
0|435|272229839|370674
0|435|216133550|259104
0|435|163209850|224064
0|435|369543892|671528
0|435|254324944|361264
0|436|121511071|119448
0|436|292240578|456328
0|436|246676660|355180
0|437|137490876|162683
0|437|298346290|466996
0|437|296253051|398432
0|438|267885872|359897
0|438|262503471|464003
0|438|221100173|381546
0|438|242281968|303623
0|439|197129259|231688
0|439|274541837|475307
0|439|343404280|561211
0|440|196774747|243164
0|440|293025536|434383
0|440|226443669|380844
0|441|285038821|483656
0|441|305242292|508207
0|442|344676518|512259
0|442|180269899|286532
0|442|290918376|584585
0|442|248970563|365486
0|443|173433750|208056
0|443|295764473|532514
0|443|251221182|344227
0|444|144042941|142221
0|444|247982702|327564
0|444|328918263|623810
0|444|140509195|132224
0|444|217173497|307601
0|445|118592484|104856
0|445|261745988|345492
0|445|362069729|695457
0|445|148476282|134277
0|446|157076132|209210
0|446|274920295|421418
0|446|186018173|288431
0|446|227411596|404145
0|447|134297103|240825
0|447|309770737|598362
0|448|201791036|353202
0|449|180655349|287573
0|449|306080110|537684
0|450|373392647|666001
0|451|251342660|410575
0|451|337166974|607564
0|452|217970531|337474
0|453|227541976|321695
0|453|288585556|433590
0|454|244158544|371356
0|454|275088168|431227
0|455|203037840|337249
0|455|315506384|473152
0|456|231355353|337202
0|457|233579430|367020
0|457|223396213|362404
0|458|384150929|626875
0|459|290096758|503341
0|459|210394378|350367
0|460|197442408|332626
0|461|222786669|277394
0|461|278014570|436023
0|461|266448680|337477
0|461|302691795|490187
0|462|160741545|238102
0|463|206170148|255605
0|463|275177843|409745
0|463|252083178|407481
0|464|186900745|312210
0|465|253110141|375798
0|465|256092869|383161
0|465|228840603|344019
0|466|248204102|401462
0|466|287254403|422801
0|467|166070055|224609
0|467|357807448|530140
0|468|155745923|168475
0|468|293343372|433238
0|468|161355823|194279
0|469|409014564|642057
0|470|255380716|430196
0|470|239212221|338523
0|471|315204078|456665
0|471|245839284|409158
0|471|326721937|508716
0|472|157002542|202370
0|473|219017911|322720
0|473|217163103|340774
0|474|210867038|336370
0|474|357817261|530361
0|475|257091728|372612
0|475|235465586|321193
0|476|279022069|392179
0|476|234449068|377921
0|477|239349968|409538
0|478|217847271|305336
0|478|327524534|501915
0|478|266619986|424939
0|479|155008247|249760
0|479|279019106|437059
0|480|298679206|470968
0|480|260225094|411725
0|481|245711634|384057
0|481|324304188|496723
0|481|231941595|379292
0|482|157431741|218443
0|483|231971631|362056
0|483|286976077|428198
0|484|231242712|331788
0|484|288532416|440066
0|484|278884793|473743
0|485|186939376|256406
0|486|297795199|497356
0|486|209137531|252760
0|487|275415299|387525
0|488|253240370|346895
0|489|231669499|328038
0|489|357307124|562170
0|490|157620245|221045
0|491|227942492|333390
0|491|383247993|624619
0|492|207808093|316749
0|493|222989312|303503
0|493|344496391|580299
0|493|106858932|141629
0|494|233695888|369401
0|495|215386782|336526
0|495|292425877|441323
0|496|194944196|210479
0|496|224891074|240180
0|496|234171981|336333
0|496|200853115|274410
0|496|136862372|200250
0|497|335409192|560997
0|498|251343408|421171
0|498|224455340|352278
0|499|232274136|370269
0|500|232801659|326010
0|500|361890941|547137
0|501|267429250|413210
0|501|310420685|521993
0|502|181172955|281411
0|503|248078323|368861
0|503|249950040|411002
0|504|400932537|715213
0|504|201834616|308367
0|505|239471907|374393
0|506|210585964|268494
0|506|298815936|450753
0|506|266492691|464248
0|507|320583316|530605
0|508|234719707|331916
0|508|289685708|445637
0|509|266565859|441335
0|509|231682946|375131
0|510|201964580|296730
0|511|286396197|471048
0|511|253119291|368511
0|512|262630638|405785
0|513|316444064|458428
0|514|257108210|385084
0|514|330795310|494660
0|515|259367463|372776
0|515|206317279|332252
0|516|186455479|316083
0|517|208794252|249008
0|517|245818656|294919
0|517|203305305|296387
0|517|438764174|822666
0|518|116897222|175133
0|519|223769521|347907
0|519|374024556|790604
0|519|244817169|328050
0|520|195381096|304205
0|520|301714645|435785
0|521|207889226|189018
0|521|184252221|170978
0|521|282359861|443908
0|521|219198731|303139
0|522|236129801|398305
0|522|226618536|338332
0|523|171309989|251037
0|524|258268914|413755
0|525|301589350|475286
0|526|235067382|337094
0|526|294261532|425341
0|527|239315797|330457
0|527|309573276|444970
0|528|227744562|318258
0|528|330453193|514959
0|528|180701530|252525
0|529|247098726|395554
0|529|283538693|494950
0|529|219643239|370636
0|530|181296954|267764
0|530|396748338|641080
0|531|155014922|235659
0|532|202507076|229360
0|532|285873041|373428
0|532|188531720|237392
0|532|179626170|250060
0|533|278045576|457208
0|533|75577650|69156
0|534|367893008|611215
0|535|245409067|339321
0|535|267980149|424971
0|536|324728106|516934
0|537|231059067|304394
0|537|228868469|305326
0|538|268405541|352823
0|538|155785562|147136
0|538|265482731|385597
0|538|383278052|549906
0|539|256242524|409450
0|540|301406841|459354
0|540|243517043|358336
0|541|242518755|295206
0|541|240605357|277964
0|541|294904124|482237
0|541|284567627|391980
0|542|193415564|215714
0|542|185633605|266735
0|542|201996390|312631
0|543|268036051|454217
0|544|203028224|294355
0|544|258656804|358292
0|545|175932709|198188
0|545|316287448|475503
0|546|299995260|535482
0|547|230718526|325089
0|547|240567717|392214
0|548|299547134|474516
0|549|239094158|346872
0|549|210121278|305850
0|550|408239834|649908
0|550|192603966|269305
0|551|252468985|420994
0|552|236311055|298854
0|552|220926304|263310
0|552|294515254|421363
0|552|215326900|315244
0|553|209987593|332409
0|554|238836821|282781
0|554|233234024|300960
0|555|271520787|327536
0|555|176835981|204291
0|555|245019297|356244
0|556|314745079|497551
0|556|228600107|389173
0|557|211701249|365298
0|558|339000654|527597
0|559|203627187|226758
0|559|282503778|390727
0|559|123543499|154405
0|560|414556574|703103
0|560|240039079|345759
0|561|231233344|368309
0|562|232298637|292485
0|562|275775579|399664
0|562|192890850|226986
0|563|337971062|525640
0|564|235782297|296242
0|564|270405428|375295
0|565|310503112|491698
0|565|248115052|324745
0|566|280856620|449251
0|566|230311517|308361
0|567|273176119|403073
0|568|190478197|200011
0|568|367282668|520593
0|568|223713236|277069
0|569|363350079|548759
0|570|190131175|207380
0|570|240290461|302665
0|571|267815564|413937
0|571|260030703|379280
0|572|338326072|578878
0|572|242141870|302359
0|573|291227823|476202
0|573|301584888|419037
0|574|116620987|137607
0|574|321302431|553243
0|574|274895925|435766
0|575|233731220|360292
0|576|314323259|515951
0|577|216778686|306410
0|577|348250373|537171
0|577|31333401|15899
0|578|279246294|482474
0|579|322058056|462233
0|579|218607248|304745
0|580|329681293|493905
0|580|253275401|394508
0|580|258549533|364925
0|581|341980166|513837
0|581|171366899|226556
0|582|387330420|648980
0|582|240385282|345423
0|583|230850645|379423
0|584|264263663|359024
0|584|226004648|375111
0|585|388722385|746423
0|585|319555583|726461
0|586|603872337|1234806
0|586|377289583|1090162
0|586|323876504|652535
0|587|372924307|1076089
0|587|478652927|1211978
0|587|213762936|192617
0|588|219599219|332388
0|588|529862050|1306958
0|588|81178156|71872
0|588|137435927|178171
0|588|217625186|291236
0|588|94385085|90659
0|588|146333454|149129
0|588|153608364|159593
0|589|325798343|542957
0|589|147665560|209786
0|590|222985173|329362
0|590|267785535|372443
0|591|188569102|215159
0|591|297555598|396983
0|592|118220539|105402
0|592|232155013|275266
0|592|235307193|338269
0|592|227570506|258124
0|593|116947586|83567
0|593|192760988|195707
0|593|298253736|419380
0|593|194399433|220610
0|593|280825142|352522
0|594|82014183|64771
0|594|306847628|439143
0|594|241422880|305325
0|594|291148304|510003
0|595|284674773|445641
0|596|220313974|252271
0|596|278256016|375683
0|596|228786979|278685
0|597|310757977|512021
0|597|221912508|295074
0|598|250906510|350725
0|598|328960426|499166
0|599|277787207|387295
0|599|187231297|275828
0|599|268547607|409671
0|600|206057881|282436
0|601|268627366|326246
0|601|178357704|171022
0|601|275671898|395096
0|602|300114685|470318
0|602|320464519|492923
0|603|257989279|421533
0|604|204267021|234074
0|604|237416393|244044
0|604|196582825|234473
0|604|297111885|390018
0|605|176689697|162415
0|605|300622952|427523
0|605|319502324|483279
0|606|162540914|238560
0|607|201378037|252440
0|607|309722471|454987
0|608|277953659|328546
0|608|238129739|280694
0|608|402140738|753594
0|608|186699888|192138
0|609|242309659|349798
0|609|276213424|482774
0|609|222875923|316697
0|610|187583878|264779
0|610|246370575|370936
0|611|240034512|384385
0|611|242000972|384331
0|611|279286653|449820
0|612|198610894|287428
0|613|333282951|541647
0|613|389419231|613805
0|614|214607367|354113
0|615|205580540|259175
0|615|318811124|488587
0|615|151449766|213862
0|616|310014298|558430
0|616|319863985|537678
0|617|165505462|248277
0|618|246805200|395021
0|618|318234395|478766
0|619|207613969|306759
0|620|242180135|336634
0|620|287223236|424935
0|621|290638813|469828
0|621|184814697|261771
0|622|235441810|382858
0|623|223082873|260732
0|623|339515598|490452
0|623|254206250|331491
0|623|245705537|344329
0|624|209282311|269383
0|625|236502159|328322
0|625|318116421|492621
0|625|206111144|325122
0|626|214093043|346108
0|627|372191500|544637
0|627|157681176|167221
0|628|254235479|330433
0|628|258749827|304967
0|628|226828247|342704
0|628|197205719|260429
0|629|192608731|274165
0|630|361750112|526523
0|630|259382391|358351
0|631|247429391|314583
0|631|217805534|300561
0|632|271759697|408063
0|632|233481148|326848
0|633|418530787|583408
0|633|161618416|199779
0|634|272961143|323502
0|634|130536837|105424
0|634|293516983|412590
0|634|248948308|377294
0|634|263984037|334693
0|634|232477147|287882
0|635|356531489|579992
0|635|272629757|407266
0|636|226435962|346956
0|637|331740868|485549
0|637|146339499|201253
0|638|153363983|235093
0|639|235319709|294082
0|639|317680639|464746
0|640|328157083|558874
0|640|271887069|417218
0|641|386478438|637961
0|642|251088786|361856
0|642|249327512|329334
0|643|204117246|249055
0|643|224367810|231487
0|643|311358408|444117
0|643|151653369|222816
0|643|266807602|396135
0|644|171632964|265599
0|644|400640097|643922
0|645|133956464|189096
0|646|265634809|390100
0|647|234649753|349511
0|648|273984024|367568
0|648|232700674|328771
0|649|86419284|94388
0|650|249831483|335984
0|650|261653381|369768
0|651|266545365|312797
0|651|294050344|420193
0|651|274479825|415187
0|652|303804825|480400
0|652|224248557|298747
0|653|320189485|505294
0|654|223461876|283476
0|654|374824799|529148
0|655|270082414|405850
0|655|267700912|395728
0|656|258142609|430628
0|657|285586670|456871
0|657|287133027|483001
0|657|274819875|501052
0|658|238069231|400348
0|659|231116801|308218
0|659|294524259|473776
0|660|351771654|579142
0|661|247345285|353751
0|661|286754775|402672
0|662|325056211|461268
0|662|240043805|374929
0|662|307418190|455716
0|663|226539826|394404
0|664|279405386|407807
0|664|311426196|466386
0|665|214643221|366409
0|666|257657097|363495
0|666|283639993|434769
0|667|262369107|402629
0|668|261839615|373072
0|668|343949502|557697
0|669|153235202|237511
0|670|203392122|267216
0|670|321818511|443949
0|671|250357540|330077
0|671|319784155|480064
0|672|264830309|460599
0|673|241265636|350385
0|673|367521562|540791
0|674|268665257|414596
0|674|240425518|395560
0|675|143463204|185857
0|676|261461306|369145
0|676|224918526|309745
0|677|314898544|459854
0|678|242844277|350868
0|678|255084674|355146
0|679|340762707|522832
0|679|211687877|271669
0|680|286488549|431915
0|681|234666742|306686
0|681|221722837|273857
0|682|409969501|666274
0|682|254025588|352361
0|683|317337241|512661
0|683|229569015|312875
0|684|198459128|235135
0|684|383513926|616931
0|684|259089329|450968
0|685|199038071|346165
0|686|299056196|546345
0|686|339935146|533311
0|687|195904121|259806
0|688|298900006|496879
0|689|271780209|437579
0|689|341735476|517323
0|690|325333281|502557
0|691|252128577|334417
0|691|301624874|434736
0|691|165922042|208966
0|692|452190619|708554
0|692|329843314|459556
0|693|198886533|206598
0|693|372436358|614904
0|693|263814870|369222
0|694|137705209|167852
0|694|287406005|446767
0|694|205901562|219563
0|695|318655045|476396
0|695|189426204|234261
0|695|303608488|415096
0|696|491127696|840492
0|696|280928207|423132
0|697|235726600|415897
0|697|185596531|258034
0|697|320884810|564683
0|698|150642394|259080
0|698|264149289|316809
0|699|191850022|183872
0|699|365426239|644320
0|699|224448804|279362
0|699|263624570|401741
0|700|201763199|324084
0|701|231577795|398338
0|702|316497833|472521
0|702|240257910|304606
0|703|221904912|311520
0|704|235649315|336151
0|704|290983162|488200
0|705|266708079|439207
0|705|194208420|335574
0|706|330605264|536124
0|707|249019940|382872
0|707|289498691|433160
0|708|390312064|643987
0|708|237376558|340570
0|709|407304945|682694
0|709|158303052|216860
0|710|243026388|403790
0|711|258977021|380502
0|712|203470085|254131
0|712|300647347|409134
0|712|266866337|438781
0|713|219523645|384647
0|714|287171173|404974
0|714|325971628|456991
0|715|294502946|478341
0|716|231606134|296364
0|716|375569459|515245
0|717|154554433|163130
0|717|303127437|454513
0|717|353267808|528280
0|718|329879161|550948
0|718|220495627|277891
0|719|286605891|398313
0|719|162048425|224476
0|719|289381681|428391
0|720|289457286|428572
0|721|175663623|205421
0|721|278832438|347454
0|721|215095016|312066
0|721|304640173|441365
0|722|350860365|575507
0|722|233058924|344112
0|723|178765666|237578
0|724|193378481|219785
0|724|247598432|298477
0|725|373671021|596553
0|725|176080686|288815
0|726|391179536|621166
0|726|201378279|250116
0|727|327410445|434877
0|727|164945682|206184
0|727|354587242|513343
0|728|104794699|80299
0|728|262136709|335953
0|728|131121022|131053
0|728|305325339|404759
0|728|205223274|287645
0|728|155959128|185287
0|729|212140467|293603
0|729|258523296|433536
0|729|213560621|276871
0|730|255165909|387619
0|731|321754488|496628
0|731|146222663|202893
0|732|287257275|447749
0|733|268283491|402454
0|733|329928600|441481
0|734|197560261|230805
0|734|249470334|353963
0|735|388071252|519360
0|735|213367454|237198
0|735|311598668|511629
0|735|282565932|404156
0|736|312555741|552435
0|736|201920413|339155
0|737|368756686|671067
0|737|238489954|343096
0|738|314305866|462210
0|738|259458900|466520
0|738|172472245|182588
0|738|238053409|368213
0|739|157419433|181844
0|739|331655342|575771
0|739|232252609|306226
0|740|235836852|270318
0|740|144318860|148953
0|740|362949264|679423
0|740|97849241|81580
0|740|261298675|308259
0|741|264764257|326763
0|741|226519342|269384
0|741|221411332|227521
0|741|211002757|427862
0|741|559413094|946024
0|741|296518609|441858
0|742|172006872|208015
0|742|361605796|671615
0|742|194538841|304507
0|743|220825604|362369
0|743|249631857|333057
0|743|346827802|732875
0|743|174430677|226335
0|744|285805620|451928
0|744|358622903|729688
0|744|155046496|151082
0|745|356175612|572862
0|745|289056878|470259
0|746|280995524|464961
0|746|234306289|304409
0|747|329341030|533284
0|747|324095713|496955
0|748|305892423|471678
0|749|217772973|282680
0|749|303449866|414130
0|749|245030284|336915
0|750|252278376|352880
0|751|227963400|333082
0|751|293646210|466901
0|752|239104198|390434
0|753|269618389|396375
0|753|310089384|430141
0|754|151190719|138674
0|754|384960780|555789
0|754|295364325|359892
0|755|422590399|725007
0|755|294666007|448247
0|756|120765501|160965
0|757|221921783|297626
0|757|368573694|608694
0|757|115872045|121212
0|758|323587341|511592
0|758|261269468|425863
0|759|359478329|556474
0|759|198063727|281361
0|760|327604049|464496
0|760|356366713|483950
0|761|288852218|389542
0|761|387954210|622077
0|761|211481508|274648
0|762|275600211|415448
0|763|188273796|223170
0|763|330478441|469313
0|763|271303767|431439
0|764|284025453|471246
0|764|267293094|382719
0|765|77535570|93970
0|765|412793995|652957
0|766|291595714|449826
0|767|302731684|450786
0|767|271696326|411510
0|767|261786632|373268
0|768|159722804|209193
0|768|307860335|529739
0|768|326617500|504687
0|769|235666239|393988
0|769|365355736|529721
0|770|213842079|362217
0|770|340073183|507069
0|771|232979153|366706
0|771|284583001|343830
0|772|348826169|546752
0|772|151991524|147456
0|773|291942022|425304
0|773|211609318|247519
0|774|276285753|393730
0|774|275468984|352639
0|775|228101848|320622
0|775|307382788|399288
0|776|262438616|379620
0|777|252034758|343539
0|777|290165614|391923
0|777|300192748|451281
0|778|148592717|188636
0|779|208572209|237330
0|779|254460436|286625
0|779|219353178|305081
0|779|291494013|376499
0|780|298210080|423715
0|780|140789546|176176
0|781|278160517|480018
0|782|235525435|278359
0|782|293868384|374628
0|783|266942988|333122
0|783|338903809|436184
0|784|309758780|446495
0|784|291784006|430338
0|785|235953080|333963
0|786|204428135|249633
0|786|358031873|477948
0|787|233916526|295602
0|787|270416166|323296
0|787|293065964|471206
0|787|331913412|441061
0|788|290321787|375702
0|788|281597316|388211
0|788|253402498|424378
0|788|173327469|135730
0|789|300364582|356879
0|789|267077090|430466
0|789|287164311|375525
0|790|266181089|292055
0|790|243709119|254678
0|790|178692279|174670
0|790|273943360|457973
0|790|214369928|262572
0|791|291228785|409320
0|791|303277235|399160
0|792|166244712|215632
0|792|290895491|438727
0|793|221418028|309452
0|794|203279231|252428
0|794|270005630|314273
0|794|283162087|412314
0|794|205655544|241909
0|795|236210153|296468
0|795|321828421|471480
0|796|207122205|332949
0|797|266324465|341812
0|797|414148701|611955
0|798|184293502|305004
0|799|263485033|376378
0|799|231374282|328292
0|800|292022925|441804
0|801|304911529|463443
0|802|269059252|410279
0|802|299635447|400154
0|803|163760498|200491
0|803|321181865|462816
0|804|167136318|240606
0|805|246105428|347763
0|805|344155931|523298
0|806|201271320|254078
0|806|352379052|493904
0|807|253075405|342552
0|807|234007615|337177
0|808|439028332|687855
0|809|256158068|372910
0|809|305050698|455626
0|810|287311625|380607
0|810|307085693|516069
0|811|422639394|624042
0|811|242968132|320751
0|812|359215087|566421
0|812|238477362|331286
0|813|191928258|325417
0|814|256535975|374914
0|815|262301788|371127
0|815|368117503|582042
0|816|268227242|473619
0|817|269456231|431263
0|817|317128893|509869
0|818|302006542|473978
0|819|164857175|195176
0|819|309637774|440956
0|819|252625402|365397
0|820|223214377|334845
0|821|268305650|422125
0|821|386907404|547872
0|822|209259969|282456
0|822|217463278|318148
0|823|147133688|216172
0|824|287127540|421032
0|824|318634343|435580
0|825|241804189|294943
0|825|214413222|276798
0|826|370988632|531138
0|826|260122580|376608
0|827|225819731|358289
0|828|238610433|307853
0|829|251388277|355464
0|829|366297817|538712
0|830|227270561|331397
0|831|257763784|347140
0|831|224703035|323527
0|832|310684047|481348
0|833|309137637|512238
0|833|123953129|210315
0|834|318614855|553048
0|835|258139364|406368
0|836|362725042|573437
0|836|265261267|441967
0|837|137386911|207468
0|838|250032694|365806
0|838|317355943|470620
0|839|182744617|277872
0|840|217971743|272327
0|840|390632450|600531
0|840|183219442|179237
0|841|371042333|511674
0|841|214033125|340010
0|841|254917929|349232
0|842|151967095|185257
0|843|295646981|386288
0|843|279042515|406550
0|843|253144723|362979
0|844|197763842|274069
0|845|243337326|324263
0|845|466182336|686411
0|846|186915516|242600
0|846|226481455|282680
0|847|237689493|277591
0|847|169429158|244416
0|847|321735966|564113
0|848|331114612|561690
0|849|659447151|219926
0|849|751905953|502257
0|850|147417542|176954
0|851|277565416|408871
0|851|302722522|407460
0|852|221947848|317951
0|853|273932801|420445
0|853|288534934|461477
0|854|419245813|637431
0|854|224589251|328996
0|855|266140183|345646
0|855|273389637|458998
0|855|293930443|464688
0|856|240872441|380820
0|857|296666317|458620
0|857|345829709|501750
0|858|218281885|330826
0|859|213694907|260128
0|859|342292087|499774
0|859|298883818|406335
0|860|177743566|259674
0|860|276262905|330323
0|861|252830166|269087
0|861|175229247|205380
0|861|268930325|384668
0|861|300541303|414153
0|862|337000892|520115
0|862|230481345|422972
0|862|199368546|192380
0|863|274259917|374336
0|863|128435506|120011
0|863|323489143|553708
0|863|153103013|152754
0|864|352556191|506463
0|864|380811289|528974
0|865|175981476|206118
0|865|402539772|689222
0|865|165751296|173917
0|866|336792741|512949
0|867|257929984|373042
0|867|367764002|564613
0|868|324698730|556268
0|868|201019468|270848
0|869|297893878|506410
0|870|256876505|349333
0|870|273892928|404968
0|870|275442794|436236
0|871|201093747|289994
0|872|242209895|345524
0|872|285494819|427025
0|873|212577988|282801
0|873|396533990|585384
0|873|235228503|270819
0|873|226754465|312180
0|874|267604732|431922
0|875|219870275|301427
0|876|246094266|373391
0|876|309125357|485406
0|877|157939346|226859
0|878|309845862|511693
0|879|256286892|345905
0|879|345294061|497971
0|880|262229508|448313
0|880|51366347|39209
0|881|328576897|515982
0|882|388544977|554522
0|882|152237925|182179
0|883|269509896|446350
0|884|221610377|308860
0|884|253525415|344835
0|885|487949781|707154
0|885|260773219|398473
0|886|141137092|195808
0|887|264038477|435486
0|887|240149801|367403
0|888|359301729|584715
0|888|109798696|147336
0|889|375248022|642577
0|890|300617184|566712
0|890|187514989|315551
0|891|351153163|614492
0|892|245569894|299586
0|892|349445596|500589
0|893|200585578|260125
0|893|284935251|441791
0|894|265171723|443226
0|895|247545886|315567
0|895|489428136|726108
0|896|199024474|300468
0|897|253515994|365129
0|897|317452945|476394
0|897|69611954|55025
0|898|499602377|870847
0|899|227636466|332192
0|899|338727306|577297
0|900|251366744|353161
0|900|359770419|624667
0|901|162954038|244512
0|902|224721485|300320
0|902|370082820|564762
0|903|232426367|356662
0|904|272481978|424678
0|904|368360469|550886
0|905|101473815|121357
0|906|262409511|407396
0|906|220883277|270356
0|907|235892837|293677
0|907|307300346|436179
0|908|273100559|414087
0|908|252507054|360572
0|909|116245026|168891
0|910|275937939|402767
0|910|110810977|141790
0|911|310581530|467763
0|912|261754750|376441
0|912|216359061|294391
0|913|485996316|787058
0|913|261393331|315847
0|914|286628190|384389
0|914|179112694|196427
0|915|361336982|447938
0|915|242467013|393656
0|915|265221385|370983
0|916|252023557|346135
0|916|285846678|405085
0|917|248027027|370076
0|917|126455270|170812
0|918|225809733|319855
0|919|366288801|546704
0|919|215910458|295804
0|920|386184655|579573
0|920|217627921|307402
0|921|370763510|654521
0|921|338160859|578315
0|922|216462003|319823
0|922|378903321|585309
0|922|240024637|330999
0|923|169812304|205642
0|923|327618732|490857
0|924|237564966|365622
0|924|357952757|528877
0|925|212839787|341894
0|925|286739385|459650
0|926|152430489|261481
0|927|218082563|291973
0|927|356539484|526259
0|928|152150461|217770
0|929|227467658|312400
0|929|348788032|509951
0|929|190494332|301065
0|930|362274335|698902
0|930|262646640|366928
0|931|365181489|581567
0|931|289725651|461425
0|932|212613414|351019
0|932|294020450|473818
0|933|236050663|394549
0|934|207398731|256531
0|934|244528495|256855
0|934|261126720|387758
0|934|305145688|410165
0|935|217284381|362603
0|935|249233539|401223
0|936|258793639|432350
0|937|347138427|629772
0|937|256189331|346287
0|938|261628741|360102
0|938|403726905|692417
0|938|221455498|288801
0|939|277423831|384498
0|939|201452595|255057
0|940|250295495|386228
0|940|198121744|296817
0|941|179967608|270680
0|942|315468829|487710
0|942|479233048|770218
0|943|209107198|354033
0|944|259503307|418371
0|944|274084028|378823
0|945|233285345|228892
0|945|169841918|163809
0|945|340553713|489554
0|946|236271286|379598
0|946|280177353|433003
0|947|330086700|479934
0|948|242943888|321362
0|948|372197382|555595
0|948|296115785|503741
0|949|169201890|274912
0|950|269609641|409241
0|950|338946828|477981
0|951|292654000|443716
0|951|312177196|506202
0|952|97212045|136070
0|952|276968586|358715
0|953|181959990|168065
0|953|393824115|531082
0|953|229843889|304514
0|954|185188648|258952
0|955|287668957|458774
0|955|291431942|401517
0|956|256210059|386811
0|956|428817321|586414
0|957|210498196|328293
0|957|308925910|475214
0|958|266507463|437303
0|959|223123676|284909
0|959|277615770|385438
0|960|259493068|390634
0|960|291876490|457954
0|961|247361434|450629
0|961|393283719|603790
0|962|155569324|230078
0|963|256443153|343298
0|963|328002015|497178
0|963|274317518|399337
0|964|263939290|409837
0|965|223920154|299749
0|965|373887359|572099
0|965|242372359|339439
0|966|279283356|436413
0|966|226131671|317626
0|967|190154137|295188
0|967|349339901|578966
0|968|199558759|364697
0|969|287306427|425080
0|969|289570498|460036
0|970|320412207|493765
0|971|344057342|538273
0|972|200870959|280721
0|972|312842104|463716
0|972|219989869|264623
0|973|332962258|518680
0|973|280414840|421701
0|973|197057269|221749
0|974|345270592|490193
0|974|169024370|168967
0|974|313891273|382108
0|975|142393399|136608
0|975|520008346|788986
0|975|235667483|312318
0|976|314724413|546589
0|976|282266335|427655
0|977|285418860|434698
0|978|224798954|324398
0|978|274649571|416762
0|979|303681235|374946
0|979|241703706|333386
0|979|246507292|316902
0|980|360264538|554568
0|980|231554631|296636
0|981|299146835|475209
0|982|289362180|432102
0|982|318680705|455750
0|983|219575508|313612
0|984|242218098|327224
0|984|460047643|723434
0|985|314746345|655260
0|985|242485223|378858
0|985|339317575|547118
0|986|287998890|571752
0|986|563858317|1156469
0|987|231403885|307895
0|987|407183125|810164
0|987|210546143|227437
0|987|411539582|952391
0|987|114630972|89127
0|987|168866296|125383
0|987|231620036|365784
0|988|453892479|1086217
0|988|714846812|1872985
0|988|130333021|105766
0|988|213019391|221673
0|989|274582159|510570
0|989|273479991|734529
0|989|812489548|2294651
0|989|143643392|133761
0|989|156650711|147905
0|989|118841220|103354
0|989|199466074|197082
0|989|135578550|134880
0|990|720258073|2102065
0|990|533822873|1506699
0|990|233664707|298780
0|990|94257890|62326
0|990|243612978|270695
0|990|103725700|74585
0|990|175491904|153733
0|990|192668014|203536
0|990|97553924|73780
0|990|237446001|215178
0|990|169807568|153401
0|990|197083525|373404
0|991|472806573|1504934
0|991|1066823605|3115995
0|991|135027570|222804
0|991|48415051|30226
0|991|151723310|184637
0|991|125904157|128026
0|991|117018333|135103
0|991|265553067|438583
0|992|1123466152|3650791
0|992|47075261|0
0|992|633547044|1822487
0|992|104369281|92544
0|992|116868805|116724
0|992|144549112|153252
0|992|294648109|405246
0|993|413558813|1018131
0|993|601650440|1662560
0|993|95227991|92221
0|993|153850014|187170
0|993|157119220|159290
0|993|78860546|71203
0|993|231025132|225975
0|993|189652084|233410
0|994|238374758|412510
0|994|268094904|471686
0|995|283564197|444625
0|996|247427175|420784
0|996|291908824|505477
0|997|178491623|251943
0|998|319591625|479996
0|998|239104934|347066
0|999|150051169|223582
0|1000|208265702|313821
0|1000|170369377|316456
